"id","snippet_title","snippet_description","snippet_country","snippet_defaultLanguage","contentDetails_relatedPlaylists_likes","contentDetails_relatedPlaylists_favorites","contentDetails_relatedPlaylists_uploads","statistics_viewCount","statistics_subscriberCount","statistics_videoCount","topicDetails_topicsIds","topicDetails_topicCategories","youtube_playlist","Music","Action-adventure game","Gaming","Sports","Entertainment","TV shows","Music of Asia","Country","Movies","Hobby","Action game","Society","Hip hop music","Lifestyle","Music of Latin America","Electronic music","Soul music","Casual game","Pop music"
"UClgRkhTL3_hImCAmdLfDE4g","YouTube Movies","YouTube's movies destination featuring the latest new releases, blockbusters and more.",NA,NA,NA,"","UUlgRkhTL3_hImCAmdLfDE4g",0,1.34e+08,0,NA,NA,1,0,0,0,0,0,0,0,0,0,0,0,0,0,0,0,0,0,0,0
"UC-9-kyTW8ZkZNDHQJ6FgpwQ","Music","Visit the YouTube Music Channel to find today’s top talent, featured artists, and playlists. Subscribe to see the latest in the music world.
This channel was generated automatically by YouTube's video discovery system.",NA,NA,NA,"","UU-9-kyTW8ZkZNDHQJ6FgpwQ",0,1.14e+08,0,"/m/04rlf","https://en.wikipedia.org/wiki/Music",1,1,0,0,0,0,0,0,0,0,0,0,0,0,0,0,0,0,0,0
"UC-lHJZR3Gqxm24_Vd_AJ5Yw","PewDiePie","I make videos.","US",NA,NA,"FL-lHJZR3Gqxm24_Vd_AJ5Yw","UU-lHJZR3Gqxm24_Vd_AJ5Yw",27088447349,1.09e+08,4302,"/m/02ntfj /m/0403l3g /m/0bzvm2 /m/025zzc","https://en.wikipedia.org/wiki/Action-adventure_game https://en.wikipedia.org/wiki/Role-playing_video_game https://en.wikipedia.org/wiki/Video_game_culture https://en.wikipedia.org/wiki/Action_game",0,0,1,0,0,0,0,0,0,0,0,0,0,0,0,0,0,0,0,0
"UCOpNcN46UbXVtpKMrmU4Abg","Gaming","YouTube's gaming channel, featuring news, reviews, playthroughs, and more.
This channel was generated automatically by YouTube's video discovery system.",NA,NA,NA,"","UUOpNcN46UbXVtpKMrmU4Abg",0,88500000,0,"/m/0bzvm2","https://en.wikipedia.org/wiki/Video_game_culture",1,0,0,1,0,0,0,0,0,0,0,0,0,0,0,0,0,0,0,0
"UCEgdi0XIXXZ-qJOFPf4JSKw","Sports","Sport pertains to any form of competitive physical activity or game that aims to use, maintain or improve physical ability and skills while providing enjoyment to participants and, in some cases, entertainment to spectators. Sports can, through casual or organized participation, improve one's physical health. Hundreds of sports exist, from those between single contestants, through to those with hundreds of simultaneous participants, either in teams or competing as individuals. In certain sports such as racing, many contestants may compete, simultaneously or consecutively, with one winner; in others, the contest is between two sides, each attempting to exceed the other. Some sports allow a ""tie"" or ""draw"", in which there is no single winner; others provide tie-breaking methods to ensure one winner and one loser. A number of contests may be arranged in a tournament producing a champion. Many sports leagues make an annual champion by arranging games in a regular sports season, followed in some cases by playoffs.",NA,NA,NA,"","UUEgdi0XIXXZ-qJOFPf4JSKw",0,74900000,0,"/m/06ntj","https://en.wikipedia.org/wiki/Sport",1,0,0,0,1,0,0,0,0,0,0,0,0,0,0,0,0,0,0,0
"UCJplp5SjeGSdVdwsfb9Q7lQ","Like Nastya","Welcome to Nastya's universe - where Nastya and her parents play, learn, sing, explore and share their life experiences. 

Millions of kids and families from all over the world join Nastya every day to explore the world and learn about songs, numbers, nature, colors, shapes, animals, and the importance of eating healthy food, washing hands, being a good friend, and much more.

Follow Like Nastya on Instagram - https://www.instagram.com/likenastya/
Follow Like Nastya on TikTok - https://www.tiktok.com/@likenastya

Copyright © 2019 Like Nastya, LLC. All rights reserved. This visual production contains original artistic content and ideas and is protected by U.S. and international laws. Reproduction and distribution of this visual presentation without written expressed permission of the copyright holder/ author is prohibited.  For permission requests, write to copyright holder/ author, addressed to info@likenastya.com","US",NA,NA,"","UUJplp5SjeGSdVdwsfb9Q7lQ",55720544778,72500000,562,"/m/02jjt /m/03glg /m/019_rr","https://en.wikipedia.org/wiki/Entertainment https://en.wikipedia.org/wiki/Hobby https://en.wikipedia.org/wiki/Lifestyle_(sociology)",0,0,0,0,0,1,0,0,0,0,0,0,0,0,0,0,0,0,0,0
"UCFFbwnve3yF62-tVXkTyHqg","Zee Music Company","Zee Music Company is part of India's leading television media and entertainment companies. It is amongst the largest producers and aggregators of Hindi programming in the world, with an extensive library housing over 222,000 hours of television content along with a strong presence in over 171 countries and a total viewership of 1 Billion plus people around the globe. Our Library has rights to more than 3,818 movie titles from premiere studios featuring iconic film stars, ZEEL houses the world’s largest Hindi film library.

Zee Music Company
Facebook - https://www.facebook.com/zeemusiccompany
Twitter - https://twitter.com/ZeeMusicCompany","IN",NA,NA,"","UUFFbwnve3yF62-tVXkTyHqg",35865090828,7.1e+07,5338,"/m/04rlf /m/028sqc","https://en.wikipedia.org/wiki/Music https://en.wikipedia.org/wiki/Music_of_Asia",0,1,0,0,0,0,0,0,0,0,0,0,0,0,0,0,0,0,0,0
"UCppHT7SZKKvar4Oc9J4oljQ","Zee TV","Launched in 1992, Zee TV is the pioneer of television entertainment industry in India. Our innovative programming has set new benchmarks, and helped us connect with over 3 billion viewers across world. Official account of India’s pioneering Hindi General Entertainment Channel of India. We celebrate the hopes and ambitions of the great Indian middle class community like no other.
","IN","en",NA,"","UUppHT7SZKKvar4Oc9J4oljQ",9323924249,57500000,53927,"/m/0f2f9 /m/02jjt /m/02vxn","https://en.wikipedia.org/wiki/Television_program https://en.wikipedia.org/wiki/Entertainment https://en.wikipedia.org/wiki/Film",0,0,0,0,0,0,1,0,0,0,0,0,0,0,0,0,0,0,0,0
"UCP6uH_XlsxrXwZQ4DlqbqPg","Shemaroo Filmi Gaane","Welcome to Shemaroo Filmi Gaane, a treat for every music lover and Bollywood connoisseur! Chart buster songs from super-hit movies like Anand, Don, Bobby, Prem Rog and more. 

Celebrating the Golden Jubilee, Shemaroo Entertainment Ltd is among few entertainment companies that has hallmarked several pioneering efforts with its innovative and out- of-the- box thinking. Founded in 1962, Shemaroo Entertainment Ltd is an established media content house in the country, active in Content Acquisition, Value Addition to Content and Content Distribution with a large content library of over 2900 titles.Shemaroo is engaged in the distribution of content for satellite channels, physical formats and emerging digital technologies like the Mobile, Internet, Broadband, IPTV and DTH among others. With its partnership with the major telecom operators and other digital media platforms, Shemaroo is at the forefront of the digital age. 

SUBSCRIBE now for Old & New Bollywood Songs !!","IN",NA,NA,"FLP6uH_XlsxrXwZQ4DlqbqPg","UUP6uH_XlsxrXwZQ4DlqbqPg",23962881946,50300000,6967,"/m/04rlf /m/028sqc","https://en.wikipedia.org/wiki/Music https://en.wikipedia.org/wiki/Music_of_Asia",0,1,0,0,0,0,0,0,0,0,0,0,0,0,0,0,0,0,0,0
"UCLkAepWjdylmXSltofFvsYQ","BANGTANTV","<U+BC29><U+D0C4><U+C18C><U+B144><U+B2E8> <U+ACF5><U+C2DD> <U+C720><U+D29C><U+BE0C> <U+CC44><U+B110> <U+C785><U+B2C8><U+B2E4>.
This is the Official YouTube channel for BTS.",NA,NA,NA,"","UULkAepWjdylmXSltofFvsYQ",9342386762,47100000,1461,"/m/028sqc /m/04rlf /m/064t9 /m/0glt670","https://en.wikipedia.org/wiki/Music_of_Asia https://en.wikipedia.org/wiki/Music https://en.wikipedia.org/wiki/Pop_music https://en.wikipedia.org/wiki/Hip_hop_music",0,0,0,0,0,0,0,1,0,0,0,0,0,0,0,0,0,0,0,0
"UC_uubOdHmlPJM_BMnaBuj0g","pinkfong","",NA,NA,NA,"","UU_uubOdHmlPJM_BMnaBuj0g",0,NA,0,NA,NA,1,0,0,0,0,0,0,0,0,0,0,0,0,0,0,0,0,0,0,0
"UCYWOjHweP2V-8kGKmmAmQJQ","Badabun","","MX",NA,NA,"","UUYWOjHweP2V-8kGKmmAmQJQ",17201214692,44300000,7113,"/m/06ntj /m/02jjt","https://en.wikipedia.org/wiki/Sport https://en.wikipedia.org/wiki/Entertainment",0,0,0,0,1,0,0,0,0,0,0,0,0,0,0,0,0,0,0,0
"UC22nIfOTM7KLIQuFGMKzQbg","Wave Music","This is the official YouTube channel of Wave Music, the leading bhojpuri music record label from India. We offer songs and music from popular bhojpuri albums and movies. All the latest tracks of famous bhojpuri artists such as Pawan Singh, Khesari Lal Yadav, Dinesh Lal Yadav ""Nirahua"", Pramod Premi, Ritesh Pandey, Gunjan Singh, Ankush Raja, Antra Singh Priyanka, Golu Gold, Akshara Singh and many others, are available for streaming. The channel has more than 35000 tracks of 2000+ artists of different categories such as bhojpuri songs, bhojpuri gana, bhojpuri song new, lokgeet, devi geet, chathh geet, bhakti song, bhojpuri movie, bhojpuri film, bhojpuri cinema and movie songs.

To subscribe us click here: http://goo.gl/ip2lbk
Download our official android app from Play Store: https://play.google.com/store/apps/details?id=com.bhojpuriwave.bhojpuriwave
Visit us on http://www.bhojpuriwave.com
Like our Facebook page - https://www.facebook.com/wavemusicofficial/","IN",NA,NA,"","UU22nIfOTM7KLIQuFGMKzQbg",30345785743,43500000,18519,"/m/028sqc /m/02jjt /m/04rlf","https://en.wikipedia.org/wiki/Music_of_Asia https://en.wikipedia.org/wiki/Entertainment https://en.wikipedia.org/wiki/Music",0,0,0,0,0,0,0,1,0,0,0,0,0,0,0,0,0,0,0,0
"UCqECaJ8Gagnn7YCbPEzWH6g","Taylor Swift","Fearless (Taylor’s Version) available for pre-order now
",NA,NA,NA,"","UUqECaJ8Gagnn7YCbPEzWH6g",21776487101,4.2e+07,188,"/m/01lyv /m/04rlf /m/064t9","https://en.wikipedia.org/wiki/Country_music https://en.wikipedia.org/wiki/Music https://en.wikipedia.org/wiki/Pop_music",0,0,0,0,0,0,0,0,1,0,0,0,0,0,0,0,0,0,0,0
"UCV4xOVpbcV8SdueDCOxLXtQ","Fernanfloo","Algunos dicen que soy un ""CRACK"" y otros dicen que soy un ""FAIL"", realmente no importa que soy, yo simplemente busco DIVERTIR y ENTRETENER =)

¿Cuando subes vídeos?
R// La verdad ni yo se cuando subiré vídeo xD. Todo depende de que tan ZABROZONGO me sienta en ese momento :V","SV",NA,NA,"","UUV4xOVpbcV8SdueDCOxLXtQ",9079687323,41600000,539,"/m/02jjt /m/0bzvm2 /m/025zzc /m/02ntfj","https://en.wikipedia.org/wiki/Entertainment https://en.wikipedia.org/wiki/Video_game_culture https://en.wikipedia.org/wiki/Action_game https://en.wikipedia.org/wiki/Action-adventure_game",0,0,0,0,0,1,0,0,0,0,0,0,0,0,0,0,0,0,0,0
"UCaayLD9i5x4MmIoVZxXSv_g","T-Series Bhakti Sagar","T-Series being the biggest Music Company not only enjoys it's top position in Bollywood music but also boasts of being the Biggest Bhakti Channel. T-Series Bhakti Sagar is dedicated to bring an experience of Divine spirituality comprising of a huge Catalogue of Bhajans of different Gods. From Bhajans of Atma-Bhakti to Ishwara-Bhakti, Ishta Devata-Bhakti, Guru-Bhakti and many more, the channel would take you on a Bhakti Marga of spirituality and Peace. So, surrender yourself to god only with T-Series Bhakti Sagar.","IN",NA,NA,"","UUaayLD9i5x4MmIoVZxXSv_g",17310886079,39400000,21795,"/m/04rlf /m/028sqc","https://en.wikipedia.org/wiki/Music https://en.wikipedia.org/wiki/Music_of_Asia",0,1,0,0,0,0,0,0,0,0,0,0,0,0,0,0,0,0,0,0
"UCbTLwN10NoCU4WDzLf1JMOA","YRF","Films. Music. Artistes.
At our core, we’re storytellers.
Celebrating the legacy #YRF50

From making high-budget blockbusters to youth-oriented films, from working with the biggest actors of the industry to launching young talent in films, from being the distribution house with the strongest global foothold to pioneering new formats of distribution and exploring newer territories, from launching compelling story-telling forms to the numerous digitally led innovations, Yash Raj Films (YRF) has maintained its flagship position across all verticals since its genesis.","IN",NA,NA,"","UUbTLwN10NoCU4WDzLf1JMOA",21866334563,38800000,3424,"/m/02vxn /m/04rlf /m/028sqc /m/02jjt","https://en.wikipedia.org/wiki/Film https://en.wikipedia.org/wiki/Music https://en.wikipedia.org/wiki/Music_of_Asia https://en.wikipedia.org/wiki/Entertainment",0,0,0,0,0,0,0,0,0,1,0,0,0,0,0,0,0,0,0,0
"UCp0hYYBW6IMayGgR-WeoCvQ","TheEllenShow","For 18 incredible, eventful and sometimes life-changing seasons, Ellen has been making audiences laugh all over the world with her signature brand of humor and her powerful message of kindness. There's nobody better at making you laugh and brightening your day. You never know what funny can do!","US",NA,NA,"","UUp0hYYBW6IMayGgR-WeoCvQ",21475546268,37800000,12858,"/m/02vxn /m/0f2f9 /m/02jjt","https://en.wikipedia.org/wiki/Film https://en.wikipedia.org/wiki/Television_program https://en.wikipedia.org/wiki/Entertainment",0,0,0,0,0,0,0,0,0,1,0,0,0,0,0,0,0,0,0,0
"UCS94J1s6-qc8v7btCdS2pNg","Like Nastya Show","","US",NA,NA,"","UUS94J1s6-qc8v7btCdS2pNg",16356608885,37300000,408,"/m/03glg /m/02jjt /m/019_rr","https://en.wikipedia.org/wiki/Hobby https://en.wikipedia.org/wiki/Entertainment https://en.wikipedia.org/wiki/Lifestyle_(sociology)",0,0,0,0,0,0,0,0,0,0,1,0,0,0,0,0,0,0,0,0
"UCy1Z_q26mYhSpO0MRnzz5lA","Luis Arturo Villar Sudek","Hubo cambio de locación; suscríbete al NUEVO canal para checar los videos más recientes! http://www.youtube.com/LuisitoComunicaa . Borrachos, bromas, reportajes, gente chistosa, cortometrajes y un entrevistador atractivo en exceso...

E-Mail: luisitocomunica@gmail.com",NA,NA,NA,"","UUy1Z_q26mYhSpO0MRnzz5lA",0,19800,0,NA,NA,1,0,0,0,0,0,0,0,0,0,0,0,0,0,0,0,0,0,0,0
"UCOsyDsO5tIt-VZ1iwjdQmew","Speed Records","Speed Records, the biggest Punjabi Music Record label in the world combining feet tapping tunes accompanied with vibrant voices as the identifier of Punjabi culture. With best of artistes in Punjabi Music and a huge repertoire of hits, this is your one stop destination for Punjabi Music!

Enjoy & stay connected with us!
<U+25BA> Subscribe to Speed Records : http://bit.ly/SpeedRecords
<U+25BA> Like us on Facebook: https://www.facebook.com/SpeedRecords
<U+25BA> Follow us on Twitter: https://twitter.com/Speed_Records
<U+25BA> Follow us on Instagram: https://instagram.com/speedrecords
<U+25BA> Follow on Snapchat : https://www.snapchat.com/add/speedrecords
Website - http://www.speedrecordsworld.com/","IN",NA,NA,"","UUOsyDsO5tIt-VZ1iwjdQmew",19728533076,35500000,9189,"/m/04rlf /m/028sqc","https://en.wikipedia.org/wiki/Music https://en.wikipedia.org/wiki/Music_of_Asia",0,1,0,0,0,0,0,0,0,0,0,0,0,0,0,0,0,0,0,0
"UCYfdidRxbB8Qhf0Nx7ioOYw","News","YouTube's news destination featuring comprehensive up-to-date coverage on the latest top stories, sports, business, entertainment, politics, and more.",NA,NA,NA,"","UUYfdidRxbB8Qhf0Nx7ioOYw",0,35400000,0,NA,NA,1,0,0,0,0,0,0,0,0,0,0,0,0,0,0,0,0,0,0,0
"UC3MLnJtqc_phABBriLRhtgQ","SonyMusicIndiaVEVO","Sony Music India on Vevo - Official Music Videos, Live Performances, Interviews and more...",NA,"en",NA,"","UU3MLnJtqc_phABBriLRhtgQ",17899307277,3.5e+07,3129,"/m/028sqc /m/04rlf","https://en.wikipedia.org/wiki/Music_of_Asia https://en.wikipedia.org/wiki/Music",0,0,0,0,0,0,0,1,0,0,0,0,0,0,0,0,0,0,0,0
"UCBVjMGOIkavEAhyqpxJ73Dw","Maroon 5","Welcome to the Maroon 5 official Youtube Channel. Head to our website for more info- www.maroon5.com",NA,NA,NA,"","UUBVjMGOIkavEAhyqpxJ73Dw",17848888559,33700000,160,"/m/04rlf /m/064t9","https://en.wikipedia.org/wiki/Music https://en.wikipedia.org/wiki/Pop_music",0,1,0,0,0,0,0,0,0,0,0,0,0,0,0,0,0,0,0,0
"UCNUQK9mQoqi4yNXw2_Rj6SA","GR6 EXPLODE","O GR6 Explode, atualmente 6º maior canal do Brasil e 2º maior canal de Funk do mundo, representa, de maneira consistente no mercado de entretenimento, uma das principais submarcas comerciais do Grupo GR6. Em sua maioria, os videoclipes veiculados neste canal têm a produção assinada pela GR6 Filmes, produtora audiovisual pertencente ao Grupo e uma das principais criadoras de conteúdo audiovisual voltado para o Funk no mundo. Enquanto produtora de eventos, gravadora e selo musical, a GR6 atua em 360º junto aos seus mais de 250 artistas pertencentes ao casting, que vão do Funk ao Pop music.

Para maiores informações, orçamentos e shows: 
(11) 2201-3648 | contato@gr6eventos.com.br 

©<U+FE0F>2014/2020 GR6 Explode/GR6 Filmes ","BR",NA,NA,"","UUNUQK9mQoqi4yNXw2_Rj6SA",18931306841,33600000,3588,"/m/04rlf /m/0glt670 /m/0g293","https://en.wikipedia.org/wiki/Music https://en.wikipedia.org/wiki/Hip_hop_music https://en.wikipedia.org/wiki/Music_of_Latin_America",0,1,0,0,0,0,0,0,0,0,0,0,0,0,0,0,0,0,0,0
"UC1ciY6kR3yj3kaKZ6R7ewAg","Infobells - Hindi","Infobells Interactive Solutions is a multi-faceted E-Learning firm, engaged in publishing and marketing of Interactive Educational & Edutainment video content, covering a wide variety of categories like Children Rhymes, Animated Stories, Kids Education, Reference, Lifestyle, Self Improvement, CBT's etc.

Infobells showed a natural interest towards the Hindi language and produced a one of a kind 3D character animated ""Favourite Hindi Rhymes""-  A superb collection of fun filled traditional Hindi Rhymes. ","IN",NA,NA,"","UU1ciY6kR3yj3kaKZ6R7ewAg",17653267952,33200000,399,"/m/02jjt /m/02vxn /m/04rlf","https://en.wikipedia.org/wiki/Entertainment https://en.wikipedia.org/wiki/Film https://en.wikipedia.org/wiki/Music",0,0,0,0,0,1,0,0,0,0,0,0,0,0,0,0,0,0,0,0
"UC3ZkCd7XtUREnjjt3cyY_gg","WorkpointOfficial","<U+0001F4FA> WorkpointOfficial <U+0E2A><U+0E16><U+0E32><U+0E19><U+0E35><U+0E04><U+0E27><U+0E32><U+0E21><U+0E1A><U+0E31><U+0E19><U+0E40><U+0E17><U+0E34><U+0E07><U+0E15><U+0E25><U+0E2D><U+0E14> 24 <U+0E0A><U+0E31><U+0E48><U+0E27><U+0E42><U+0E21><U+0E07> <U+0E2D><U+0E35><U+0E01><U+0E2B><U+0E19><U+0E36><U+0E48><U+0E07><U+0E0A><U+0E48><U+0E2D><U+0E07><U+0E17><U+0E32><U+0E07><U+0E40><U+0E1E><U+0E37><U+0E48><U+0E2D><U+0E41><U+0E1F><U+0E19><U+0E23><U+0E32><U+0E22><U+0E01><U+0E32><U+0E23><U+0E02><U+0E2D><U+0E07> Workpoint
<U+0E17><U+0E48><U+0E32><U+0E19><U+0E2A><U+0E32><U+0E21><U+0E32><U+0E23><U+0E16><U+0E14><U+0E39><U+0E23><U+0E32><U+0E22><U+0E01><U+0E32><U+0E23><U+0E15><U+0E48><U+0E32><U+0E07><U+0E46><U+0E22><U+0E49><U+0E2D><U+0E19><U+0E2B><U+0E25><U+0E31><U+0E07> <U+0E41><U+0E25><U+0E30><U+0E15><U+0E34><U+0E14><U+0E15><U+0E32><U+0E21><U+0E17><U+0E38><U+0E01><U+0E04><U+0E27><U+0E32><U+0E21><U+0E40><U+0E04><U+0E25><U+0E37><U+0E48><U+0E2D><U+0E19><U+0E44><U+0E2B><U+0E27><U+0E14><U+0E49><U+0E32><U+0E19><U+0E04><U+0E27><U+0E32><U+0E21><U+0E1A><U+0E31><U+0E19><U+0E40><U+0E17><U+0E34><U+0E07><U+0E44><U+0E14><U+0E49><U+0E08><U+0E32><U+0E01> Playlist <U+0E17><U+0E35><U+0E48><U+0E40><U+0E23><U+0E32><U+0E23><U+0E27><U+0E1A><U+0E23><U+0E27><U+0E21><U+0E44><U+0E27><U+0E49><U+0E43><U+0E2B><U+0E49><U+0E44><U+0E14><U+0E49><U+0E17><U+0E35><U+0E48><U+0E19><U+0E35><U+0E48> <U+0001F30F>

<U+0001F54A> <U+0E17><U+0E48><U+0E32><U+0E19><U+0E2A><U+0E32><U+0E21><U+0E32><U+0E23><U+0E16><U+0E15><U+0E34><U+0E0A><U+0E21><U+0E23><U+0E32><U+0E22><U+0E01><U+0E32><U+0E23><U+0E41><U+0E25><U+0E30><U+0E41><U+0E2A><U+0E14><U+0E07><U+0E04><U+0E27><U+0E32><U+0E21><U+0E04><U+0E34><U+0E14><U+0E40><U+0E2B><U+0E47><U+0E19><U+0E02><U+0E2D><U+0E07><U+0E17><U+0E48><U+0E32><U+0E19><U+0E1C><U+0E48><U+0E32><U+0E19><U+0E17><U+0E32><U+0E07> WorkpointOfficial <U+0E1A><U+0E19> YouTube 
<U+0E17><U+0E32><U+0E07><U+0E17><U+0E35><U+0E21><U+0E07><U+0E32><U+0E19><U+0E02><U+0E2D><U+0E02><U+0E2D><U+0E1A><U+0E04><U+0E38><U+0E13><U+0E2A><U+0E33><U+0E2B><U+0E23><U+0E31><U+0E1A><U+0E17><U+0E38><U+0E01><U+0E04><U+0E27><U+0E32><U+0E21><U+0E04><U+0E34><U+0E14><U+0E40><U+0E2B><U+0E47><U+0E19><U+0E08><U+0E32><U+0E01><U+0E17><U+0E48><U+0E32><U+0E19><U+0E1C><U+0E39><U+0E49><U+0E0A><U+0E21><U+0E17><U+0E38><U+0E01><U+0E17><U+0E48><U+0E32><U+0E19><U+0E21><U+0E32> <U+0E13> <U+0E17><U+0E35><U+0E48><U+0E19><U+0E35><U+0E49> <U+0001F64F>

<U+0001F4A5> <U+0E2B><U+0E21><U+0E32><U+0E22><U+0E40><U+0E2B><U+0E15><U+0E38>: <U+0E43><U+0E19><U+0E01><U+0E23><U+0E13><U+0E35><U+0E17><U+0E35><U+0E48><U+0E21><U+0E35><U+0E1C><U+0E39><U+0E49><U+0E41><U+0E2A><U+0E14><U+0E07><U+0E04><U+0E27><U+0E32><U+0E21><U+0E04><U+0E34><U+0E14><U+0E40><U+0E2B><U+0E47><U+0E19><U+0E1A><U+0E32><U+0E07><U+0E17><U+0E48><U+0E32><U+0E19><U+0E43><U+0E0A><U+0E49><U+0E16><U+0E49><U+0E2D><U+0E22><U+0E04><U+0E33><U+0E44><U+0E21><U+0E48><U+0E2A><U+0E38><U+0E20><U+0E32><U+0E1E> <U+0E17><U+0E32><U+0E07><U+0E17><U+0E35><U+0E21><U+0E07><U+0E32><U+0E19><U+0E02><U+0E2D><U+0E2A><U+0E07><U+0E27><U+0E19><U+0E2A><U+0E34><U+0E17><U+0E18><U+0E34><U+0E4C><U+0E43><U+0E19><U+0E01><U+0E32><U+0E23><U+0E25><U+0E1A><U+0E04><U+0E27><U+0E32><U+0E21><U+0E04><U+0E34><U+0E14><U+0E40><U+0E2B><U+0E47><U+0E19><U+0E17><U+0E35><U+0E48><U+0E44><U+0E21><U+0E48><U+0E40><U+0E2B><U+0E21><U+0E32><U+0E30><U+0E2A><U+0E21><U+0E2D><U+0E2D><U+0E01><U+0E44><U+0E1B> <U+0001F4A8>","TH",NA,NA,"","UU3ZkCd7XtUREnjjt3cyY_gg",29737039954,3.3e+07,54260,"/m/0f2f9 /m/02jjt /m/02vxn","https://en.wikipedia.org/wiki/Television_program https://en.wikipedia.org/wiki/Entertainment https://en.wikipedia.org/wiki/Film",0,0,0,0,0,0,1,0,0,0,0,0,0,0,0,0,0,0,0,0
"UCXP1CTho6dCET9-WXGltagQ","JustinBieberVebo","",NA,NA,NA,"","UUXP1CTho6dCET9-WXGltagQ",4763,0,2,"/m/04rlf /m/02lkt","https://en.wikipedia.org/wiki/Music https://en.wikipedia.org/wiki/Electronic_music",0,1,0,0,0,0,0,0,0,0,0,0,0,0,0,0,0,0,0,0
"UCam8T03EOFBsNdR0thrFHdQ","VEGETTA777","CODIGO CREADOR FORTNITE - VEGETTA777

<U+2665><U+2665><U+2665><U+2665><U+2665><U+2665><U+2665><U+2665><U+2665><U+2665><U+2665><U+2665><U+2665><U+2665><U+2665><U+2665><U+2665><U+2665><U+2665><U+2665><U+2665><U+2665> UNICORNIO MORADO  <U+2665><U+2665><U+2665><U+2665><U+2665><U+2665><U+2665><U+2665><U+2665><U+2665><U+2665><U+2665><U+2665><U+2665><U+2665><U+2665><U+2665><U+2665><U+2665><U+2665><U+2665><U+2665> 

INFORMACION DEL CANAL: Es un canal dedicado a los videojuegos dirigido por un chico amante de los unicornios y que vive con un duende asesino en su habitación, si te suscribes corres el riesgo de caer en mi locura, y no solo lo digo yo, también la mujer que aparece por las noches en el techo de mi cuarto! Un besitoooo ^^

*********** REDES SOCIALES Y CANAL DE TWITCH ***********

- TWITCH:http://goo.gl/V8MZfM
- TWITTER: http://goo.gl/s0ScyN
- FACEBOOK (PAGINA): http://goo.gl/Gfj14j
- FACEBOOK (PERFIL): http://goo.gl/vq5YU1
- MI APP CUQUI: http://goo.gl/Iaue6
- INSTAGRAM: http://goo.gl/m33DQo
- GOOGLE+: http://goo.gl/oXY9jZ

Business: vegetta777@vizz-agency.com",NA,NA,NA,"","UUam8T03EOFBsNdR0thrFHdQ",13917170456,32200000,6465,"/m/025zzc /m/0403l3g /m/02ntfj /m/03hf_rm /m/0bzvm2","https://en.wikipedia.org/wiki/Action_game https://en.wikipedia.org/wiki/Role-playing_video_game https://en.wikipedia.org/wiki/Action-adventure_game https://en.wikipedia.org/wiki/Strategy_video_game https://en.wikipedia.org/wiki/Video_game_culture",0,0,0,0,0,0,0,0,0,0,0,1,0,0,0,0,0,0,0,0
"UCWi_65E_L8tQZ34C6wVAlpQ","Venus","For Licensing enquiries : 
Email :- sync-india@believedigital.com

For Top Most Viewed Songs : http://bit.ly/2oXKpmF
For Bollywood Romantic Unforgettable : http://bit.ly/2bFeNNM
For The Finest Collection Of Ghazals : http://bit.ly/2bK1BnU
For Bollywood Sad Songs : http://bit.ly/2ch194S

The Official YouTube Channel of Venus Worldwide Entertainment Pvt. Ltd.

Venus, one of the leading Music Labels in India believes “Music is well said to be the speech of angels.” 

Been in the Music Industry for the past three decades, Venus is a mark of Great Music.  We have a huge library of approx 30000 songs and 32 Films produced & Presented under our own banner. We have an Evergreen Catalogue that embraces songs of various genres, languages, artists, singer, composers, lyricists as well as all deities across our Four Official Channels.

Venus accepts the truth that “Music is like Sound of Feelings.” 

SUBSCRIBE NOW!!
https://www.youtube.com/watch?v=HQbZyOjXkNY","IN",NA,NA,"","UUWi_65E_L8tQZ34C6wVAlpQ",13081266991,31500000,4423,"/m/04rlf /m/028sqc","https://en.wikipedia.org/wiki/Music https://en.wikipedia.org/wiki/Music_of_Asia",0,1,0,0,0,0,0,0,0,0,0,0,0,0,0,0,0,0,0,0
"UCsT0YIqwnpJCM-mx7-gSA4Q","TEDx Talks","TEDx is an international community that organizes TED-style events anywhere and everywhere -- celebrating locally-driven ideas and elevating them to a global stage. TEDx events are produced independently of TED conferences, each event curates speakers on their own, but based on TED's format and rules.

TED's videos may be used for non-commercial purposes under a Creative Commons License, Attribution–Non Commercial–No Derivatives (or the CC BY – NC – ND 4.0 International) and in accordance with our TED Talks Usage Policy (https://www.ted.com/about/our-organization/our-policies-terms/ted-talks-usage-policy). 

For more information on using TED for commercial purposes (e.g. employee learning, in a film or online course), please submit a Media Request here: https://media-requests.ted.com.",NA,NA,NA,"","UUsT0YIqwnpJCM-mx7-gSA4Q",5511937824,30600000,164826,"/m/098wr /m/019_rr","https://en.wikipedia.org/wiki/Society https://en.wikipedia.org/wiki/Lifestyle_(sociology)",0,0,0,0,0,0,0,0,0,0,0,0,1,0,0,0,0,0,0,0
"UCxpsAjlv21oRpTwM4T-QalQ","brunomars","",NA,NA,NA,"","UUxpsAjlv21oRpTwM4T-QalQ",12632,1830,8,"/m/04rlf /m/07yv9 /m/06by7 /m/019_rr","https://en.wikipedia.org/wiki/Music https://en.wikipedia.org/wiki/Vehicle https://en.wikipedia.org/wiki/Rock_music https://en.wikipedia.org/wiki/Lifestyle_(sociology)",0,1,0,0,0,0,0,0,0,0,0,0,0,0,0,0,0,0,0,0
"UCraI0y58rIvANSoovEO17vQ","TRAPNATION","",NA,NA,NA,"","UUraI0y58rIvANSoovEO17vQ",1532,164,2,"/m/0glt670 /m/04rlf","https://en.wikipedia.org/wiki/Hip_hop_music https://en.wikipedia.org/wiki/Music",0,0,0,0,0,0,0,0,0,0,0,0,0,1,0,0,0,0,0,0
"UCF0pVplsI8R5kcAqgtoRqoA","Popular on YouTube","The pulse of what's popular on YouTube. Check out the latest music videos, trailers, comedy clips, and everything else that people are watching right now.",NA,NA,NA,"","UUF0pVplsI8R5kcAqgtoRqoA",0,29600000,0,NA,NA,1,0,0,0,0,0,0,0,0,0,0,0,0,0,0,0,0,0,0,0
"UCj22tfcQrWG7EMEKS0qLeEg","CarryMinati","I am an Indian comedian, gamer, rapper. 

CarryisLive :  https://www.youtube.com/channel/UC0IW...

Instagram<U+25BA> https://www.instagram.com/carryminati/
Facebook <U+25BA> https://www.facebook.com/CarryDeol/
Twitter <U+25BA> https://twitter.com/CarryMinati 
Snapchat<U+25BA> heyAjey

Business Related queries: workforcarry@gmail.com 

About CarryMinati : Youthoob certified member

DISCLAIMER: Please don't go out of your way to  or hate on anyone I talk about in my videos, this channel is to entertain people and I usually focus on joking about what the people are doing in general & not the individual themselves, please don't go spreading hate it's all 
for laughs. For detailed disclaimer please refer to the below link.
https://bit.ly/3iRKHH8","IN",NA,NA,"","UUj22tfcQrWG7EMEKS0qLeEg",2253340192,29500000,173,"/m/025zzc /m/02jjt /m/0bzvm2 /m/04rlf /m/02vxn","https://en.wikipedia.org/wiki/Action_game https://en.wikipedia.org/wiki/Entertainment https://en.wikipedia.org/wiki/Video_game_culture https://en.wikipedia.org/wiki/Music https://en.wikipedia.org/wiki/Film",0,0,0,0,0,0,0,0,0,0,0,1,0,0,0,0,0,0,0,0
"UC1cBXfyL3jmcoEfr1Zj19Yw","luisfonsiofficial","",NA,NA,NA,"","UU1cBXfyL3jmcoEfr1Zj19Yw",0,6320,0,NA,NA,1,0,0,0,0,0,0,0,0,0,0,0,0,0,0,0,0,0,0,0
"UCbTVTephX30ZhQF5zwFppBg","rezendeevil","No canal Rezendeevil, você irá encontrar vlogs bem divertidos!! Se inscreva agora!
4 VÍDEOS TODOS OS DIAS!! 12h, 14h 18h 20h

Contato Comercial: Rezende@adragencia.com.br

Instagram: rezende
Twitter: @rezende_evil
Snapchat: Imrezende","BR",NA,NA,"","UUbTVTephX30ZhQF5zwFppBg",11606441741,28900000,10178,"/m/02jjt","https://en.wikipedia.org/wiki/Entertainment",0,0,0,0,0,1,0,0,0,0,0,0,0,0,0,0,0,0,0,0
"UCLPpd83VpWlH7U0epf9OrZw","ABPNews","Associated Baptist Press is the nations first and only independent news service created by and for Baptists.

Working out of bureaus in Washington and Nashville, ABP provides daily coverage of Baptist news, news from the nation's capital, and other general news and information of concern to Christians in the U.S. and around the world. 

ABP is supported through the generous contributions of friends, several Baptist institutional partners and foundations, including the Cooperative Baptist Fellowship, and is led by a self-perpetuating, independent board of directors. 

We welcome your interest in ABP and would enjoy communicating with you further, should you have questions about the ministry of Associated Baptist Press. 

  

Mission Statement 

Associated Baptist Press will serve Christ by providing credible and compelling information about matters of faith.",NA,NA,NA,"","UULPpd83VpWlH7U0epf9OrZw",839,43,2,"/m/04rlf /m/098wr","https://en.wikipedia.org/wiki/Music https://en.wikipedia.org/wiki/Society",0,1,0,0,0,0,0,0,0,0,0,0,0,0,0,0,0,0,0,0
"UCtdA9SmV9mObMndfkOH62rA","TSeriesMusic","TSeriesMusic is music video channel. T-Series Music are Uploading All latest and Popular Music to Music Videos for Only Entertainment purpose only. ",NA,NA,NA,"","UUtdA9SmV9mObMndfkOH62rA",1722,NA,11,"/m/04rlf /m/028sqc","https://en.wikipedia.org/wiki/Music https://en.wikipedia.org/wiki/Music_of_Asia",0,1,0,0,0,0,0,0,0,0,0,0,0,0,0,0,0,0,0,0
"UCbCmjCuTUZos6Inko4u57UQ","Cocomelon - Nursery Rhymes","At CoComelon, our primary goal has always been to engage families with entertaining and educational content that makes universally-relatable preschool moments fun. 
Our beautiful 3D animation and toe-tapping songs create a world that centers on the everyday experiences of young children. 
In addition to helping preschoolers learn letters, numbers, animal sounds, colors, and more, 
the videos impart prosocial life lessons, providing parents with an opportunity to teach and play with their children as they watch together.

CoComelon. Where kids can be happy and smart!","US",NA,NA,"","UUbCmjCuTUZos6Inko4u57UQ",97841431379,1.08e+08,622,"/m/02vxn /m/04rlf /m/02jjt","https://en.wikipedia.org/wiki/Film https://en.wikipedia.org/wiki/Music https://en.wikipedia.org/wiki/Entertainment",0,0,0,0,0,0,0,0,0,1,0,0,0,0,0,0,0,0,0,0
"UCpEhnqL0y41EpW2TvWAHD7Q","SET India","Sony Entertainment Television is a 24 hour Hindi General Entertainment Channel that provides complete family entertainment. A dynamic channel that responds to the diverse needs of its viewers, it offers a complete spectrum of genres from thrillers to dramas, events to comedies, game shows to dance shows and much more
Our Brand Belief is “When relationship turns into partnership life looks up and leaps forward, our differences dissolve and we appreciate each other more, laugh together more and hence it’s a win win for all.  With our prudent story telling we continue to rule the roost with stories that are relevant, engaging and entertaining.","IN",NA,NA,"","UUpEhnqL0y41EpW2TvWAHD7Q",83555002009,1.01e+08,53597,"/m/02vxn /m/0f2f9 /m/02jjt","https://en.wikipedia.org/wiki/Film https://en.wikipedia.org/wiki/Television_program https://en.wikipedia.org/wiki/Entertainment",0,0,0,0,0,0,0,0,0,1,0,0,0,0,0,0,0,0,0,0
"UCk8GzjMOrta8yxDcKfylJYw","<U+273F> Kids Diana Show","Love, Diana toys at Walmart: https://www.walmart.com/browse/toys/love-diana-toys/4171_7144110_2716378 
Love, Diana at Smyths Toys: https://pktw.ch/lovedianasmyths


E-mail: nicefamilyshow@gmail.com","US","ru",NA,"","UUk8GzjMOrta8yxDcKfylJYw",54041547608,76700000,839,"/m/02jjt /m/02vxn /m/019_rr /m/03glg","https://en.wikipedia.org/wiki/Entertainment https://en.wikipedia.org/wiki/Film https://en.wikipedia.org/wiki/Lifestyle_(sociology) https://en.wikipedia.org/wiki/Hobby",0,0,0,0,0,1,0,0,0,0,0,0,0,0,0,0,0,0,0,0
"UCJ5v_MCY6GNUBTO8-D3XoAg","WWE","WWE on YouTube is your number one spot to catch WWE original shows and exclusives!

Watch videos from all of your favorite WWE Superstars, backstage fallout from live shows including Raw, SmackDown, NXT and original shows such as Top 10, List This, WWE's The Bump and much more! 

Subscribe - https://goo.gl/2YO0Is

Stream WWE on Peacock https://pck.tv/2PIAQJI in the U.S. and on WWE Network http://wwe.yt/wwenetwork everywhere else.
",NA,NA,NA,"","UUJ5v_MCY6GNUBTO8-D3XoAg",56953346022,75400000,53886,"/m/02jjt /m/019_rr /m/066wd /m/06ntj","https://en.wikipedia.org/wiki/Entertainment https://en.wikipedia.org/wiki/Lifestyle_(sociology) https://en.wikipedia.org/wiki/Professional_wrestling https://en.wikipedia.org/wiki/Sport",0,0,0,0,0,1,0,0,0,0,0,0,0,0,0,0,0,0,0,0
"UC295-Dw_tDNtZXFeAPAW6Aw","5-Minute Crafts","Fun diy-projects, crafts, experience the joy of doing it yourself!
OFFICIAL CHANNEL.



For brand partnership enquires: brands@thesoul-publishing.com","US",NA,NA,"","UU295-Dw_tDNtZXFeAPAW6Aw",19948417105,71900000,4677,"/m/019_rr /m/02wbm /m/03glg","https://en.wikipedia.org/wiki/Lifestyle_(sociology) https://en.wikipedia.org/wiki/Food https://en.wikipedia.org/wiki/Hobby",0,0,0,0,0,0,0,0,0,0,0,0,0,0,1,0,0,0,0,0
"UCvlE5gTbOvjiolFlEm-c_Ow","Vlad and Niki","Our Merch: https://vladandniki.com/
“Vlad & Niki” is the global preschool phenomenon and highest rated kids channel on YouTube starring the imaginative personalities and antics of brothers Vlad and Niki, who are showcased in non-stop fun and crazy adventures.  Since launching on YouTube in 2018, the “Vlad & Niki” has attracted more than 152+ million subscribers worldwide and 80+ billion views, while averaging five billion monthly views on 16 channels and translated into 13 languages. Each episode is produced with a creative mix of live action, animation and music to create comedic videos for the preschool demographic. ""Vlad & Niki"" is the property of Content Media Group FZC, LLC, headed by co-founders Sergey and Victoria Vashketov, the parents of global superstar kidfluencers Vlad and Niki. 

Contact for advertising - Sergey Vashketov 
vlad.nikita.official@gmail.com

Press Contact - Hope Diamond 
hope@hopediamondpr.com","US",NA,NA,"","UUvlE5gTbOvjiolFlEm-c_Ow",46021110512,64800000,344,"/m/02jjt /m/019_rr /m/03glg","https://en.wikipedia.org/wiki/Entertainment https://en.wikipedia.org/wiki/Lifestyle_(sociology) https://en.wikipedia.org/wiki/Hobby",0,0,0,0,0,1,0,0,0,0,0,0,0,0,0,0,0,0,0,0
"UCffDXn7ycAzwL2LDlbyWOTw","Canal KondZilla","Somos o maior canal de FUNK do MUNDO! Com muita alegria trabalhamos para você encontrar aqui e curtir os maiores hits de funk que estão nos topos das paradas de sucesso de todo o Brasil e estourado em todas as favelas.

Tel.: (11) 2385-0126 | contato@kondzilla.com

©2021 KondZilla®","BR",NA,NA,"FLffDXn7ycAzwL2LDlbyWOTw","UUffDXn7ycAzwL2LDlbyWOTw",34272086998,63800000,1818,"/m/0g293 /m/04rlf /m/0glt670","https://en.wikipedia.org/wiki/Music_of_Latin_America https://en.wikipedia.org/wiki/Music https://en.wikipedia.org/wiki/Hip_hop_music",0,0,0,0,0,0,0,0,0,0,0,0,0,0,0,1,0,0,0,0
"UCHkj014U2CQ2Nv0UZeYpE_A","JustinBieberVEVO","Justin Bieber on Vevo - Official Music Videos, Live Performances, Interviews and more...","US","en",NA,"FLHkj014U2CQ2Nv0UZeYpE_A","UUHkj014U2CQ2Nv0UZeYpE_A",22537010046,32200000,183,"/m/02lkt /m/064t9 /m/04rlf","https://en.wikipedia.org/wiki/Electronic_music https://en.wikipedia.org/wiki/Pop_music https://en.wikipedia.org/wiki/Music",0,0,0,0,0,0,0,0,0,0,0,0,0,0,0,0,1,0,0,0
"UCOmHUn--16B90oW2L6FRR3A","BLACKPINK","BLACKPINK Official YouTube Channel
<U+BE14><U+B799><U+D551><U+D06C> <U+ACF5><U+C2DD> <U+C720><U+D29C><U+BE0C> <U+CC44><U+B110><U+C785><U+B2C8><U+B2E4>.

JISOO, JENNIE, ROSÉ, LISA
<U+C9C0><U+C218>, <U+C81C><U+B2C8>, <U+B85C><U+C81C>, <U+B9AC><U+C0AC>","KR",NA,NA,"","UUOmHUn--16B90oW2L6FRR3A",16870287495,59700000,353,"/m/04rlf /m/064t9 /m/0glt670 /m/028sqc","https://en.wikipedia.org/wiki/Music https://en.wikipedia.org/wiki/Pop_music https://en.wikipedia.org/wiki/Hip_hop_music https://en.wikipedia.org/wiki/Music_of_Asia",0,1,0,0,0,0,0,0,0,0,0,0,0,0,0,0,0,0,0,0
"UCX6OQ3DkcsbYNE6H8uQQuVA","MrBeast","Accomplishments
- Raised $20,000,000 To Plant 20,000,000 Trees
- Given millions to charity
- Donated over 100 cars lol
- Gave away a private island
- Given away over 100 ps4s lol
- Gave away 1 million dollars in one video 
- Counted to 100k
- Read the Dictionary
- Watched Dance Till You're Dead For 10 Hours
- Read Bee Movie Script
- Read Longest English Word
- Watched Paint Dry
- Ubering Across America
- Watched It's Every Day Bro For 10 Hours
- Ran a marathon in the world's largest shoes
- Adopted every dog in a shelter
You get the point haha



*Do not email me asking for money, I give away money because it makes me happy :)","US",NA,NA,"","UUX6OQ3DkcsbYNE6H8uQQuVA",9906422805,58700000,706,"/m/02jjt","https://en.wikipedia.org/wiki/Entertainment",0,0,0,0,0,1,0,0,0,0,0,0,0,0,0,0,0,0,0,0
"UCRijo3ddMTht_IHyNSNXpNQ","Dude Perfect","5 best buds just kickin' it.
If you like Sports + Comedy, come join the Dude Perfect team!","US",NA,NA,"FLRijo3ddMTht_IHyNSNXpNQ","UURijo3ddMTht_IHyNSNXpNQ",12739661584,55700000,259,"/m/06ntj /m/02jjt /m/019_rr","https://en.wikipedia.org/wiki/Sport https://en.wikipedia.org/wiki/Entertainment https://en.wikipedia.org/wiki/Lifestyle_(sociology)",0,0,0,0,1,0,0,0,0,0,0,0,0,0,0,0,0,0,0,0
"UC3IZKseVpdzPSBaWxBxundA","HYBE LABELS","Welcome to the official YouTube channel of HYBE, the content hub for BIGHIT MUSIC, BELIFT LAB, SOURCE MUSIC, PLEDIS Entertainment, KOZ ENTERTAINMENT and more.","KR",NA,NA,"","UU3IZKseVpdzPSBaWxBxundA",15465634313,53300000,548,"/m/02jjt /m/04rlf /m/028sqc /m/064t9","https://en.wikipedia.org/wiki/Entertainment https://en.wikipedia.org/wiki/Music https://en.wikipedia.org/wiki/Music_of_Asia https://en.wikipedia.org/wiki/Pop_music",0,0,0,0,0,1,0,0,0,0,0,0,0,0,0,0,0,0,0,0
"UCEdvpU2pFRCVqU6yIPyTpMQ","Marshmello","Marshmello's Official YouTube Channel","US",NA,NA,"","UUEdvpU2pFRCVqU6yIPyTpMQ",11380437544,52100000,462,"/m/04rlf /m/0glt670 /m/064t9 /m/02lkt","https://en.wikipedia.org/wiki/Music https://en.wikipedia.org/wiki/Hip_hop_music https://en.wikipedia.org/wiki/Pop_music https://en.wikipedia.org/wiki/Electronic_music",0,1,0,0,0,0,0,0,0,0,0,0,0,0,0,0,0,0,0,0
"UCyoXW-Dse7fURq30EWl_CUA","Goldmines Telefilms","Welcome to Goldmines Telefilms. One of the Finest Destination for Entertainment Content on Youtube. Now Watch Premiere of New South Hindi Dubbed Movies on Every Saturday & Also Enjoy Full Length Blockbuster Hindi Movies, Songs, Comedy Scenes and Much More. 

Subscribe NOW!","IN",NA,NA,"","UUyoXW-Dse7fURq30EWl_CUA",11517401939,51600000,1522,"/m/02jjt /m/02vxn","https://en.wikipedia.org/wiki/Entertainment https://en.wikipedia.org/wiki/Film",0,0,0,0,0,1,0,0,0,0,0,0,0,0,0,0,0,0,0,0
"UC3gNmTGu-TTbFPpfSs5kNkg","Movieclips","The Fandango MOVIECLIPS channel is the largest collection of licensed movie clips on the web. We are HUGE movie fans. We love films so much, that our genome team has gone through hundreds of movies to pick out the best moments, scenes, and famous lines from all of your favorite films. Whether it's an action, comedy, drama, western, horror film, or any other genre, Fandango MOVIECLIPS has the unforgettable moments that stay with you long after you leave the theater.

We value the diverse opinions of our audience, so you may find points of view that you don’t agree with. And that’s cool. However, please keep the conversation respectful and constructive. We will delete comments and ban users who post offensive, hateful, or disparaging material.","US",NA,NA,"","UU3gNmTGu-TTbFPpfSs5kNkg",50264973350,51400000,37010,"/m/02jjt /m/02vxn","https://en.wikipedia.org/wiki/Entertainment https://en.wikipedia.org/wiki/Film",0,0,0,0,0,1,0,0,0,0,0,0,0,0,0,0,0,0,0,0
"UC6-F5tO8uklgE9Zy8IvbdFw","Sony SAB","This is the official SONY SAB television channel page. 
With the purpose of 'unlocking happiness in every heart' and a core brand proposition of 'Khushiyon Wali Feeling, Sony SAB strongly believes in spreading hope and happiness. 

Watch SONY SAB serials /SONY SAB shows, the best in Hindi comedy, drama, romance, silent comedy, supernatural, science fiction, and stand-up comedy on our channel.

Famous old SONY SAB shows like Badi Door Se Aye Hain, Comedy Club, Baalveer, FIR which is currently off-air are available too!

SONY SAB is a part of the network of Television channels owned by Sony Pictures Networks and was launched in 1999.
","IN",NA,NA,"FL6-F5tO8uklgE9Zy8IvbdFw","UU6-F5tO8uklgE9Zy8IvbdFw",50566511608,48300000,34208,"/m/02vxn /m/0f2f9 /m/02jjt","https://en.wikipedia.org/wiki/Film https://en.wikipedia.org/wiki/Television_program https://en.wikipedia.org/wiki/Entertainment",0,0,0,0,0,0,0,0,0,1,0,0,0,0,0,0,0,0,0,0
"UC90CP3fAqJum2oCVUiXJ0rA","Ariana Grande","https://arianagrande.lnk.to/tun-album","US",NA,NA,"","UU90CP3fAqJum2oCVUiXJ0rA",368062,NA,38,"/m/04rlf /m/0glt670 /m/064t9","https://en.wikipedia.org/wiki/Music https://en.wikipedia.org/wiki/Hip_hop_music https://en.wikipedia.org/wiki/Pop_music",0,1,0,0,0,0,0,0,0,0,0,0,0,0,0,0,0,0,0,0
"UC0C-w0YjGpqDXGB8IHb662A","Ed Sheeran","The official YouTube channel for Ed Sheeran.

Ed Sheeran may be the quintessential pop star of the 2010s: an internationally acclaimed, multi-award winning singer/songwriter who seems to acknowledge no boundaries between styles or eras with elements of folk, hip-hop, pop, dance, soul, and rock woven throughout his music. 

 His incredible catalogue includes the studio albums ‘+’ (plus), ‘x’ (multiply) and ‘÷’ (divide) which spawned hit singles such as ‘The A team’ , ’Lego House’, ‘Sing;, ‘Thinking Out Loud’, ‘Photograph’, ‘Shape Of You’, ‘Castle on The Hill’ and ‘Perfect’. 
 
In 2019, Ed Sheeran released the genre-spanning ‘No.6 Collaborations Project’ which featured a wide-range of artists including ‘Justin Bieber’, ‘Camilla’ Cabello’, ‘Travis Scott’, ‘Eminem’, ‘Cardi B, ‘Paulo Londra’, ‘Bruno Mars’ and ‘Stormzy’ amongst many others, producing hits such as ‘I Don’t Care’, ‘Beautiful People’, ‘South of The Border’ and ‘Take Me Back To London’.
",NA,NA,NA,"","UU0C-w0YjGpqDXGB8IHb662A",23137464993,47200000,164,"/m/0gywn /m/0glt670 /m/064t9 /m/04rlf","https://en.wikipedia.org/wiki/Soul_music https://en.wikipedia.org/wiki/Hip_hop_music https://en.wikipedia.org/wiki/Pop_music https://en.wikipedia.org/wiki/Music",0,0,0,0,0,0,0,0,0,0,0,0,0,0,0,0,0,1,0,0
"UC20vb-R_px4CguHzzBPhoyQ","EminemVEVO","Eminem on Vevo - Official Music Videos, Live Performances, Interviews and more...",NA,"en",NA,"FL20vb-R_px4CguHzzBPhoyQ","UU20vb-R_px4CguHzzBPhoyQ",16321927218,25300000,86,"/m/04rlf /m/06by7 /m/0glt670","https://en.wikipedia.org/wiki/Music https://en.wikipedia.org/wiki/Rock_music https://en.wikipedia.org/wiki/Hip_hop_music",0,1,0,0,0,0,0,0,0,0,0,0,0,0,0,0,0,0,0,0
"UCBnZ16ahKA2DZ_T5W0FPUXg","ChuChu TV Nursery Rhymes & Kids Songs","ChuChu TV is designed to engage children through upbeat nursery rhymes and educational songs with colorful animations. Baby Taku, ChuChu & Friends will sing and dance to popular nursery rhymes and teach colors, shapes, numbers, and all things preschool. Our videos teach moral values to the little ones, which we feel are essential for the next generation champions. We hope these videos will bring your family as much joy as we had in creating them. 

ChuChu TV is available in many languages on YouTube like Spanish, Portuguese, French, Hindi, Tamil, Bangla, and Telugu

ChuChu TV is also available on platforms like Netflix, Amazon Prime Video, Roku, Kiddoodle, and ChuChu TV Apps.

Download ChuChuTV Pro App to watch ChuChu TV videos AD-FREE. Available in the App Store and Play Store

App Store Link - http://chuchu.me/ChuChuTViOS
Play Store Link - http://chuchu.me/ChuChuTVAndroid

Listen to ChuChu TV Songs on Spotify - http://chuchu.me/spotify

Enjoy & Have Fun with your little ones!","IN",NA,NA,"","UUBnZ16ahKA2DZ_T5W0FPUXg",30469510217,4.7e+07,404,"/m/04rlf /m/02vxn /m/02jjt","https://en.wikipedia.org/wiki/Music https://en.wikipedia.org/wiki/Film https://en.wikipedia.org/wiki/Entertainment",0,1,0,0,0,0,0,0,0,0,0,0,0,0,0,0,0,0,0,0
"UCt4t-jeY85JegMlZ-E5UWtA","Aaj Tak","Watch Aaj Tak Live TV and stay tuned for all the breaking news in Hindi !
Aaj Tak is India's leading Hindi News Channel. Aaj Tak News channel covers latest news in Politics, Entertainment, Bollywood, business and sports.

<U+0906><U+091C> <U+0924><U+0915> <U+092D><U+093E><U+0930><U+0924> <U+0915><U+093E> <U+0938><U+0930><U+094D><U+0935><U+0936><U+094D><U+0930><U+0947><U+0937><U+094D><U+0920> <U+0939><U+093F><U+0902><U+0926><U+0940> <U+0928><U+094D><U+200D><U+092F><U+0942><U+091C> <U+091A><U+0948><U+0928><U+0932> <U+0939><U+0948> <U+0964>
<U+0906><U+091C> <U+0924><U+0915> <U+0928><U+094D><U+200D><U+092F><U+0942><U+091C> <U+091A><U+0948><U+0928><U+0932> <U+0930><U+093E><U+091C><U+0928><U+0940><U+0924><U+093F>, <U+092E><U+0928><U+094B><U+0930><U+0902><U+091C><U+0928>, <U+092C><U+0949><U+0932><U+0940><U+0935><U+0941><U+0921>, <U+0935><U+094D><U+092F><U+093E><U+092A><U+093E><U+0930> <U+0914><U+0930> <U+0916><U+0947><U+0932> <U+092E><U+0947><U+0902> <U+0928><U+0935><U+0940><U+0928><U+0924><U+092E> <U+0938><U+092E><U+093E><U+091A><U+093E><U+0930><U+094B><U+0902> <U+0915><U+094B> <U+0936><U+093E><U+092E><U+093F><U+0932> <U+0915><U+0930><U+0924><U+093E> <U+0939><U+0948><U+0964>
<U+0906><U+091C><U+0924><U+0915> <U+0928><U+094D><U+200D><U+092F><U+0942><U+091C> <U+091A><U+0948><U+0928><U+0932> <U+0915><U+0940> <U+0932><U+093E><U+0907><U+0935> <U+0916><U+092C><U+0930><U+0947><U+0902> <U+090F><U+0935><U+0902> <U+092C><U+094D><U+0930><U+0947><U+0915><U+093F><U+0902><U+0917> <U+0928><U+094D><U+092F><U+0942><U+091C> <U+0915><U+0947> <U+0932><U+093F><U+090F> <U+092C><U+0928><U+0947> <U+0930><U+0939><U+0947><U+0902> <U+0964>

Website: https://www.aajtak.in/","IN",NA,NA,"","UUt4t-jeY85JegMlZ-E5UWtA",14701069863,45100000,128341,"/m/098wr /m/05qt0","https://en.wikipedia.org/wiki/Society https://en.wikipedia.org/wiki/Politics",0,0,0,0,0,0,0,0,0,0,0,0,1,0,0,0,0,0,0,0
"UCYiGq8XF7YQD00x7wAd62Zg","JuegaGerman","Lento pero seguro. ","CL",NA,NA,"","UUYiGq8XF7YQD00x7wAd62Zg",12456397357,43400000,1810,"/m/0bzvm2 /m/02jjt /m/025zzc /m/0403l3g /m/02ntfj","https://en.wikipedia.org/wiki/Video_game_culture https://en.wikipedia.org/wiki/Entertainment https://en.wikipedia.org/wiki/Action_game https://en.wikipedia.org/wiki/Role-playing_video_game https://en.wikipedia.org/wiki/Action-adventure_game",0,0,0,1,0,0,0,0,0,0,0,0,0,0,0,0,0,0,0,0
"UC56gTxNs4f9xZ7Pa2i5xNzg","Sony Music India","Sony Music India SME- Home To The Hits. Subscribe to our channel to listen to chart-busters in the making, see premieres of blockbuster videos and get your daily dose of some great music right here.","IN",NA,NA,"FL56gTxNs4f9xZ7Pa2i5xNzg","UU56gTxNs4f9xZ7Pa2i5xNzg",18657207473,43200000,2801,"/m/028sqc /m/04rlf","https://en.wikipedia.org/wiki/Music_of_Asia https://en.wikipedia.org/wiki/Music",0,0,0,0,0,0,0,1,0,0,0,0,0,0,0,0,0,0,0,0
"UCZJ7m7EnCNodqnu5SAtg8eQ","HolaSoyGerman.","Los Hombres De Verdad Usan Pantuflas De Perrito","CL",NA,NA,"","UUZJ7m7EnCNodqnu5SAtg8eQ",4500448932,42500000,136,"/m/02jjt /m/02vxn","https://en.wikipedia.org/wiki/Entertainment https://en.wikipedia.org/wiki/Film",0,0,0,0,0,1,0,0,0,0,0,0,0,0,0,0,0,0,0,0
"UC3KQ5GWANYF8lChqjZpXsQw","whinderssonnunes","Lampião do Youtube
Publicidade / Shows / Eventos: kaka@nonstopproducoes.com.br",NA,NA,NA,"","UU3KQ5GWANYF8lChqjZpXsQw",3768998934,42200000,389,"/m/019_rr /m/02jjt /m/02vxn","https://en.wikipedia.org/wiki/Lifestyle_(sociology) https://en.wikipedia.org/wiki/Entertainment https://en.wikipedia.org/wiki/Film",0,0,0,0,0,0,0,0,0,0,0,0,0,0,1,0,0,0,0,0
"UCV306eHqgo0LvBf3Mh36AHg","Felipe Neto","Canal do Felipe Neto.","BR",NA,NA,"FLV306eHqgo0LvBf3Mh36AHg","UUV306eHqgo0LvBf3Mh36AHg",12471528449,41700000,2455,"/m/0b1vjn /m/0bzvm2 /m/02ntfj /m/02jjt","https://en.wikipedia.org/wiki/Casual_game https://en.wikipedia.org/wiki/Video_game_culture https://en.wikipedia.org/wiki/Action-adventure_game https://en.wikipedia.org/wiki/Entertainment",0,0,0,0,0,0,0,0,0,0,0,0,0,0,0,0,0,0,1,0
"UC4NALVCmcmL5ntpV0thoH6w","LooLoo Kids - Nursery Rhymes and Children's Songs","At LooLooKIDS we believe that kids need to laugh, learn and play, and that kid songs can be both entertaining and educational if they are made with dedication, love and skill.

The best English learning lessons for kids are now the Musical Adventures of Johnny & Friends. They sing, dance and learn while having a lot of fun. Children are learning to count, to recognize colors, to spell the Alphabet. Rhyming is the new flavour of learning!

Our FHD 3D animated videos are perfectly adapted for their development, and kids enjoy learning new things while watching the videos and our carefully selected playlists. Enjoy the best quality edutainment for babies, toddlers and kids, and don’t forget to subscribe!

Every week we’re releasing stunning new animations and very fun children songs! Singles & compilation, for happier children and parents!

LooLoo Kids is a registered trademark of MORA TV. 
For licensing & distribution, visit and contact us at https://loolookids.com/
","US",NA,NA,"","UU4NALVCmcmL5ntpV0thoH6w",21694290085,41600000,494,"/m/04rlf","https://en.wikipedia.org/wiki/Music",0,1,0,0,0,0,0,0,0,0,0,0,0,0,0,0,0,0,0,0
"UCK1i2UviaXLUNrZlAFpw_jA","El Reino Infantil","El Reino Infantil es la comunidad digital para niños en español N°1 del mundo. Nuestras historias y canciones fomentan las habilidades clave para la vida, incluyendo la comunicación, la cooperación y la creatividad.

Dentro de El Reino Infantil encontrarás series divertidísimas para disfrutar en familia como La Granja de Zenón, Canciones del Zoo, Bichikids, Plim Plim, Paco el Marinero, Rondas, La Familia Blu, Michi-guau ¡Y muchas más!

Sigue todas las novedades de El Reino Infantil en nuestras comunidades:

<U+25BA> Facebook: https://www.facebook.com/ElReinoInfantil/
<U+25BA> Instagram: https://www.instagram.com/reino_infantil/
<U+25BA> Spotify: https://spoti.fi/2Hmm0B9
<U+25BA> Sitio Web: https://www.elreinoinfantil.com/",NA,NA,NA,"","UUK1i2UviaXLUNrZlAFpw_jA",39391946358,41400000,983,"/m/04rlf","https://en.wikipedia.org/wiki/Music",0,1,0,0,0,0,0,0,0,0,0,0,0,0,0,0,0,0,0,0
"UC-8Q-hLdECwQmaWNwXitYDw","KatyPerryVEVO","Katy Perry on Vevo - Official Music Videos, Live Performances, Interviews and more...","US","en",NA,"FL-8Q-hLdECwQmaWNwXitYDw","UU-8Q-hLdECwQmaWNwXitYDw",20847375884,25200000,161,"/m/064t9 /m/04rlf","https://en.wikipedia.org/wiki/Pop_music https://en.wikipedia.org/wiki/Music",0,0,0,0,0,0,0,0,0,0,0,0,0,0,0,0,0,0,0,1
"UCJrDMFOdv1I2k8n9oK_V21w","Tips Official","The Official Channel of Tips Music brings you videos from the best of Bollywood & Indipop Albums","IN",NA,NA,"","UUJrDMFOdv1I2k8n9oK_V21w",19462873583,40200000,3008,"/m/04rlf /m/028sqc","https://en.wikipedia.org/wiki/Music https://en.wikipedia.org/wiki/Music_of_Asia",0,1,0,0,0,0,0,0,0,0,0,0,0,0,0,0,0,0,0,0
"UCj0O6W8yDuLg3iraAXKgCrQ","Você Sabia?","O Canal Voce Sabia reune as melhores curiosidades, historias e fatos interessantes do mundo. Lukas Marques e Daniel Molo
CONTATO COMERCIAL: contato@projetovs.com

Se ainda nao é inscrito, se inscreva 
e descubra coisas que você sabia ou não. 16/01/19","BR",NA,NA,"FLj0O6W8yDuLg3iraAXKgCrQ","UUj0O6W8yDuLg3iraAXKgCrQ",6237616318,4e+07,1182,"/m/02jjt /m/01k8wb","https://en.wikipedia.org/wiki/Entertainment https://en.wikipedia.org/wiki/Knowledge",0,0,0,0,0,1,0,0,0,0,0,0,0,0,0,0,0,0,0,0
"UC4rlAVgAK0SGk-yTfe48Qpw","BRIGHT SIDE","<U+0001F525>  New Bright Side merch store with worldwide shipping! <U+0001F525> http://bit.ly/3jRbVPn
You can shop from ANYWHERE in the world. <U+0001F30F>

Whether you’re into recent discoveries, space exploration, true stories, fitness, fun tests, and riddles, or useful tips for self-improvement, psychology, gadgets, or just your day-to-day routine, there’s something for everyone!

You can expect all that and more coming at you in 3 top-quality videos every single day. If you’ve got a thirst for knowledge that never quits, then join a community of tens of millions and growing! We have a good time, so take your shoes off, kick back, and make yourself at home here on the Bright Side of life!

For brand partnership enquires: brands@thesoul-publishing.com",NA,NA,NA,"","UU4rlAVgAK0SGk-yTfe48Qpw",8217577136,39800000,3780,"/m/02vxn /m/019_rr /m/02jjt","https://en.wikipedia.org/wiki/Film https://en.wikipedia.org/wiki/Lifestyle_(sociology) https://en.wikipedia.org/wiki/Entertainment",0,0,0,0,0,0,0,0,0,1,0,0,0,0,0,0,0,0,0,0
"UCXazgXDIYyWH-yXLAkcrFxw","elrubiusOMG","Bienvenidos a mi canal! Esto es una descripción. Y en la descripción se supone que tengo que poner algo sobre lo que trata mi canal...

PUES BIEN. Mi canal es de Gayplays de Minecr... Wait. No. Mi canal es de Gayplays en general, pero nunca juego a nada predefinido. Algun día os encontrareis con juegos de terror, otro con juegos divertidos, otro juegos indie, etc. pero no solo subo Gayplays! Soy mas conocido por mis montajes ""random"" de GTA V, Skyrim (Que llevo eones sin subir), Garrys Mod, Juegos en 1 minuto y mucho mas!

A veces también me da por trollear y hago montajes de los mejores momentos en Chatroulette, Trollefono, cámaras ocultas, etc. 

A veces también me pongo tierno y os enseño mi lado mas sessy y personal en los Meet The Rubius y los Epic Vlogs.

Mejor me callo y empiezas a descubrir tu de que va el canal. Por que esto de la descripción ya esta pareciendo mas bien la teletienda donde te intento vender la moto. COMPRA MI MOTO.",NA,NA,NA,"","UUXazgXDIYyWH-yXLAkcrFxw",9146314083,39800000,832,"/m/02ntfj /m/0bzvm2 /m/025zzc /m/02jjt /m/0403l3g","https://en.wikipedia.org/wiki/Action-adventure_game https://en.wikipedia.org/wiki/Video_game_culture https://en.wikipedia.org/wiki/Action_game https://en.wikipedia.org/wiki/Entertainment https://en.wikipedia.org/wiki/Role-playing_video_game",0,0,1,0,0,0,0,0,0,0,0,0,0,0,0,0,0,0,0,0
"UCiGm_E4ZwYSHV3bcW1pnSeQ","Billie Eilish","","US",NA,NA,"","UUiGm_E4ZwYSHV3bcW1pnSeQ",8793435326,39600000,34,"/m/04rlf /m/05rwpb /m/064t9","https://en.wikipedia.org/wiki/Music https://en.wikipedia.org/wiki/Independent_music https://en.wikipedia.org/wiki/Pop_music",0,1,0,0,0,0,0,0,0,0,0,0,0,0,0,0,0,0,0,0
"UCJrOtniJ0-NWz37R30urifQ","Alan Walker","When I was a kid, I had a fascination for programming and graphic design. Music kind of just happened spontaneously a few years back. I found a track on Youtube I liked a lot – it inspired me and it made me start exploring producing myself. Everything started online with people, or rather nicknames, from around the world helping each other out. Now music is a big part of my life.","NO",NA,NA,"","UUJrOtniJ0-NWz37R30urifQ",9893192021,3.9e+07,251,"/m/02lkt /m/06cqb /m/064t9 /m/04rlf","https://en.wikipedia.org/wiki/Electronic_music https://en.wikipedia.org/wiki/Reggae https://en.wikipedia.org/wiki/Pop_music https://en.wikipedia.org/wiki/Music",0,0,0,0,0,0,0,0,0,0,0,0,0,0,0,0,1,0,0,0
"UC55IWqFLDH1Xp7iu1_xknRA","Colors TV","Welcome to the official main channel of Colors TV!

Show some love people by subscribing to our channel: http://www.youtube.com/user/colorstv?sub_confirmation=1
Follow us on Google+: https://plus.google.com/108336806150063826507
Follow us on Facebook: https://www.facebook.com/ColorsTV
Follow us on Twitter: https://twitter.com/ColorsTV","IN",NA,NA,"","UU55IWqFLDH1Xp7iu1_xknRA",31290114744,37900000,52282,"/m/02jjt /m/0f2f9 /m/02vxn","https://en.wikipedia.org/wiki/Entertainment https://en.wikipedia.org/wiki/Television_program https://en.wikipedia.org/wiki/Film",0,0,0,0,0,1,0,0,0,0,0,0,0,0,0,0,0,0,0,0
"UC2xskkQVFEpLcGFnNSLQY0A","RihannaVEVO","Rihanna on Vevo - Official Music Videos, Live Performances, Interviews and more...","US","en",NA,"FL2xskkQVFEpLcGFnNSLQY0A","UU2xskkQVFEpLcGFnNSLQY0A",16495599850,25500000,106,"/m/064t9 /m/0gywn /m/06j6l /m/02lkt /m/04rlf","https://en.wikipedia.org/wiki/Pop_music https://en.wikipedia.org/wiki/Soul_music https://en.wikipedia.org/wiki/Rhythm_and_blues https://en.wikipedia.org/wiki/Electronic_music https://en.wikipedia.org/wiki/Music",0,0,0,0,0,0,0,0,0,0,0,0,0,0,0,0,0,0,0,1
"UCKAqou7V9FAWXpZd9xtOg3Q","Little Baby Bum - Nursery Rhymes & Kids Songs","Little Baby Bum is a fun and educational show for kids featuring classic and new nursery rhymes and loved by babies and their parents all around the world. Sing along with 6-year old Mia her family and friends in a world where animals can dance, buses are friends and rainy days are never boring.

Developed for kids but also loved by parents alike, Little Baby Bum supports social skills, strengthens the bond with parents through song, stimulates vocabulary and memory.

New week new fun and exciting song to learn along with other favorites like The Wheels on the Bus, Jhonny Jhonny, Rain Rain Go Away, ABC Song, Ice Cream Song, Wash Your Hands, Five Little Ducks and many others.

Check our other channels:
Go Buster: https://www.youtube.com/channel/UCnEHS4Wa8WOxvQiKX4Vd-5g?view_as=subscriber
Play Time with Twinkle: https://www.youtube.com/channel/UCYmgUdthtWRCB88nqbLRDtw?view_as=subscriber
Digley & Dazey: https://www.youtube.com/channel/UCueFVVtA

© El Bebe Productions Limited","US",NA,NA,"","UUKAqou7V9FAWXpZd9xtOg3Q",32598811549,3.6e+07,1440,"/m/04rlf /m/02jjt /m/02vxn","https://en.wikipedia.org/wiki/Music https://en.wikipedia.org/wiki/Entertainment https://en.wikipedia.org/wiki/Film",0,1,0,0,0,0,0,0,0,0,0,0,0,0,0,0,0,0,0,0
"UCb2HGwORFBo94DmRx4oLzow","One Direction","#10YearsOf1D Listen to your favourite 1D songs here…
https://1D.lnk.to/10YearsOf1DPlaylistsAY",NA,NA,NA,"FLb2HGwORFBo94DmRx4oLzow","UUb2HGwORFBo94DmRx4oLzow",11300532702,35300000,157,"/m/04rlf /m/064t9 /m/02jjt","https://en.wikipedia.org/wiki/Music https://en.wikipedia.org/wiki/Pop_music https://en.wikipedia.org/wiki/Entertainment",0,1,0,0,0,0,0,0,0,0,0,0,0,0,0,0,0,0,0,0
"UClZkHt2kNIgyrTTPnSQV3SA","Get Movies","<U+041F><U+043E> <U+0432><U+0441><U+0435><U+043C> <U+0432><U+043E><U+043F><U+0440><U+043E><U+0441><U+0430><U+043C> <U+0441><U+043E><U+0442><U+0440><U+0443><U+0434><U+043D><U+0438><U+0447><U+0435><U+0441><U+0442><U+0432><U+0430> <U+0438> <U+0440><U+0430><U+0437><U+043C><U+0435><U+0449><U+0435><U+043D><U+0438><U+044F> <U+0440><U+0435><U+043A><U+043B><U+0430><U+043C><U+044B> <U+043E><U+0431><U+0440><U+0430><U+0449><U+0430><U+0439><U+0442><U+0435><U+0441><U+044C> partnership@xmediadigital.ru
For all partnership and advertising requests please contact us by e-mail partnership@xmediadigital.ru

GetMovies - <U+041F><U+0435><U+0440><U+0432><U+044B><U+0439> <U+0441><U+0435><U+043C><U+0435><U+0439><U+043D><U+044B><U+0439> <U+043A><U+0430><U+043D><U+0430><U+043B>! <U+0422><U+0443><U+0442> <U+0432><U+044B> <U+043D><U+0430><U+0439><U+0434><U+0435><U+0442><U+0435> <U+043C><U+0443><U+043B><U+044C><U+0442><U+0444><U+0438><U+043B><U+044C><U+043C><U+044B> <U+043D><U+0430> <U+043B><U+044E><U+0431><U+043E><U+0439> <U+0432><U+043A><U+0443><U+0441> - <U+0434><U+043B><U+044F> <U+043C><U+0430><U+043B><U+044B><U+0448><U+0435><U+0439>, <U+0434><U+043B><U+044F> <U+0434><U+0435><U+0442><U+0435><U+0439> <U+043F><U+043E><U+0441><U+0442><U+0430><U+0440><U+0448><U+0435>, <U+043E><U+0431><U+0443><U+0447><U+0430><U+044E><U+0449><U+0438><U+0435> <U+043C><U+0443><U+043B><U+044C><U+0442><U+0444><U+0438><U+043B><U+044C><U+043C><U+044B>, <U+043E><U+0442><U+0435><U+0447><U+0435><U+0441><U+0442><U+0432><U+0435><U+043D><U+043D><U+044B><U+0435> <U+0438> <U+0437><U+0430><U+0440><U+0443><U+0431><U+0435><U+0436><U+043D><U+044B><U+0435> <U+043C><U+0443><U+043B><U+044C><U+0442><U+0441><U+0435><U+0440><U+0438><U+0430><U+043B><U+044B>, <U+0430> <U+0442><U+0430><U+043A><U+0436><U+0435> <U+043C><U+0443><U+043B><U+044C><U+0442><U+0444><U+0438><U+043B><U+044C><U+043C><U+044B> <U+0434><U+043B><U+044F> <U+0432><U+0437><U+0440><U+043E><U+0441><U+043B><U+044B><U+0445>. <U+041E><U+0433><U+0440><U+043E><U+043C><U+043D><U+043E><U+0435> <U+043A><U+043E><U+043B><U+0438><U+0447><U+0435><U+0441><U+0442><U+0432><U+043E> <U+043F><U+043E><U+0437><U+043D><U+0430><U+0432><U+0430><U+0442><U+0435><U+043B><U+044C><U+043D><U+044B><U+0445> <U+043F><U+0435><U+0440><U+0435><U+0434><U+0430><U+0447> <U+043E> <U+043F><U+0440><U+0438><U+0440><U+043E><U+0434><U+0435>, <U+043E> <U+0441><U+043F><U+043E><U+0440><U+0442><U+0435>, <U+043E><U+0431> <U+0438><U+0441><U+043A><U+0443><U+0441><U+0441><U+0442><U+0432><U+0435> <U+0438> <U+0438><U+0441><U+0442><U+043E><U+0440><U+0438><U+0438>, <U+0440><U+0430><U+0437><U+0432><U+043B><U+0435><U+043A><U+0430><U+0442><U+0435><U+043B><U+044C><U+043D><U+044B><U+0445>, <U+043A><U+043E><U+043C><U+0435><U+0434><U+0438><U+0439><U+043D><U+044B><U+0445> <U+0438> <U+043F><U+0430><U+0440><U+043E><U+0434><U+0438><U+0439><U+043D><U+044B><U+0445> <U+0448><U+043E><U+0443>. <U+0418> <U+043A><U+043E><U+043D><U+0435><U+0447><U+043D><U+043E> <U+0436><U+0435> <U+043A><U+0438><U+043D><U+043E>!  - <U+0434><U+043E><U+043A><U+0443><U+043C><U+0435><U+043D><U+0442><U+0430><U+043B><U+044C><U+043D><U+043E><U+0435> <U+0438> <U+0445><U+0443><U+0434><U+043E><U+0436><U+0435><U+0441><U+0442><U+0432><U+0435><U+043D><U+043D><U+043E><U+0435>, <U+0441><U+043E><U+0432><U+0440><U+0435><U+043C><U+0435><U+043D><U+043D><U+043E><U+0435> <U+0438> <U+043A><U+043B><U+0430><U+0441><U+0441><U+0438><U+043A><U+0430>, <U+043F><U+043E><U+043F><U+0443><U+043B><U+044F><U+0440><U+043D><U+043E><U+0435> <U+0438> <U+043E><U+0441><U+043E><U+0431><U+0435><U+043D><U+043D><U+043E><U+0435> <U+0434><U+043B><U+044F> <U+0446><U+0435><U+043D><U+0438><U+0442><U+0435><U+043B><U+0435><U+0439> <U+043A><U+0438><U+043D><U+043E><U+0438><U+0441><U+043A><U+0443><U+0441><U+0441><U+0442><U+0432><U+0430>...
<U+041C><U+044B> <U+0440><U+0430><U+0441><U+0442><U+0435><U+043C>, <U+043C><U+044B> <U+043E><U+0431><U+043D><U+043E><U+0432><U+043B><U+044F><U+0435><U+043C><U+0441><U+044F>, <U+043C><U+044B> <U+043F><U+0440><U+0435><U+0434><U+043B><U+0430><U+0433><U+0430><U+0435><U+043C> <U+0441><U+0430><U+043C><U+043E><U+0435> <U+043B><U+0443><U+0447><U+0448><U+0435><U+0435>. <U+041F><U+0440><U+0438><U+0441><U+043E><U+0435><U+0434><U+0438><U+043D><U+044F><U+0439><U+0442><U+0435><U+0441><U+044C> <U+043A> <U+043D><U+0430><U+043C> <U+0432><U+0441><U+0435><U+0439> <U+0441><U+0432><U+043E><U+0435><U+0439> <U+0434><U+0440><U+0443><U+0436><U+043D><U+043E><U+0439> <U+0441><U+0435><U+043C><U+044C><U+0435><U+0439>. <U+0421> <U+043D><U+0430><U+043C><U+0438> <U+0438><U+043D><U+0442><U+0435><U+0440><U+0435><U+0441><U+043D><U+043E>!","RU","ru",NA,"FLlZkHt2kNIgyrTTPnSQV3SA","UUlZkHt2kNIgyrTTPnSQV3SA",25489273297,35100000,2967,"/m/02vxn /m/02jjt /m/04rlf","https://en.wikipedia.org/wiki/Film https://en.wikipedia.org/wiki/Entertainment https://en.wikipedia.org/wiki/Music",0,0,0,0,0,0,0,0,0,1,0,0,0,0,0,0,0,0,0,0
"UC_gV70G_Y51LTa3qhu8KiEA","LUCCAS NETO - LUCCAS TOON","Aqui você pode viver o seu sonho.
Use a imaginação e a criatividade para viver um mundo de magia e fantasia!

ASSESSORIA: Assessoria@luccasneto.com.br
LICENCIAMENTO: Licenciamento@luccasneto.com.br
PUBLICIDADE: publicidade@luccasneto.com.br

Todos os episódios são LIVRES para todas as idades.","BR",NA,NA,"","UU_gV70G_Y51LTa3qhu8KiEA",15473284057,34300000,1318,"/m/02jjt","https://en.wikipedia.org/wiki/Entertainment",0,0,0,0,0,1,0,0,0,0,0,0,0,0,0,0,0,0,0,0
"UCRv76wLBC73jiP7LX4C3l8Q","<U+041C><U+0430><U+0448><U+0430> <U+0438> <U+041C><U+0435><U+0434><U+0432><U+0435><U+0434><U+044C>","«<U+041C><U+0430><U+0448><U+0430> <U+0438> <U+041C><U+0435><U+0434><U+0432><U+0435><U+0434><U+044C>» - <U+044D><U+0442><U+043E> <U+0441><U+0430><U+043C><U+044B><U+0439> <U+043F><U+043E><U+043F><U+0443><U+043B><U+044F><U+0440><U+043D><U+044B><U+0439> <U+0440><U+043E><U+0441><U+0441><U+0438><U+0439><U+0441><U+043A><U+0438><U+0439> <U+043C><U+0443><U+043B><U+044C><U+0442><U+0441><U+0435><U+0440><U+0438><U+0430><U+043B> <U+0434><U+043B><U+044F> <U+0432><U+0441><U+0435><U+0439> <U+0441><U+0435><U+043C><U+044C><U+0438>, <U+0440><U+0430><U+0441><U+0441><U+043A><U+0430><U+0437><U+044B><U+0432><U+0430><U+044E><U+0449><U+0438><U+0439> <U+043E> <U+0434><U+0440><U+0443><U+0436><U+0431><U+0435> <U+0431><U+044B><U+0432><U+0448><U+0435><U+0433><U+043E> <U+0446><U+0438><U+0440><U+043A><U+043E><U+0432><U+043E><U+0433><U+043E> <U+0430><U+0440><U+0442><U+0438><U+0441><U+0442><U+0430> <U+041C><U+0435><U+0434><U+0432><U+0435><U+0434><U+044F> <U+0438> <U+043C><U+0430><U+043B><U+0435><U+043D><U+044C><U+043A><U+043E><U+0439> <U+0432><U+0435><U+0441><U+0435><U+043B><U+043E><U+0439> <U+0445><U+0443><U+043B><U+0438><U+0433><U+0430><U+043D><U+043A><U+0438> <U+041C><U+0430><U+0448><U+0438>, <U+043A><U+043E><U+0442><U+043E><U+0440><U+0430><U+044F> <U+043D><U+0435> <U+0434><U+0430><U+0435><U+0442> <U+0441><U+043A><U+0443><U+0447><U+0430><U+0442><U+044C> <U+043D><U+0435> <U+0442><U+043E><U+043B><U+044C><U+043A><U+043E> <U+0435><U+043C><U+0443>, <U+043D><U+043E> <U+0438> <U+0432><U+0441><U+0435><U+043C> <U+043B><U+0435><U+0441><U+043D><U+044B><U+043C> <U+0436><U+0438><U+0442><U+0435><U+043B><U+044F><U+043C>.

<U+0421><U+043C><U+043E><U+0442><U+0440><U+0438><U+0442><U+0435> <U+0432><U+0441><U+0435> <U+0441><U+0435><U+0440><U+0438><U+0438> <U+041C><U+0430><U+0448><U+0430> <U+0438> <U+041C><U+0435><U+0434><U+0432><U+0435><U+0434><U+044C>, <U+041C><U+0430><U+0448><U+0438><U+043D><U+044B> <U+0421><U+043A><U+0430><U+0437><U+043A><U+0438>, <U+041C><U+0430><U+0448><U+043A><U+0438><U+043D><U+044B> <U+0421><U+0442><U+0440><U+0430><U+0448><U+0438><U+043B><U+043A><U+0438> <U+043E><U+043D><U+043B><U+0430><U+0439><U+043D> <U+043D><U+0430> <U+043D><U+0430><U+0448><U+0435><U+043C> <U+043A><U+0430><U+043D><U+0430><U+043B><U+0435> YouTube!","RU",NA,NA,"FLRv76wLBC73jiP7LX4C3l8Q","UURv76wLBC73jiP7LX4C3l8Q",27915909523,33800000,930,"/m/02jjt /m/02vxn","https://en.wikipedia.org/wiki/Entertainment https://en.wikipedia.org/wiki/Film",0,0,0,0,0,1,0,0,0,0,0,0,0,0,0,0,0,0,0,0
"UCstEtN0pgOmCf02EdXsGChw","ABS-CBN Entertainment","Watch your favorite entertainment shows from the leading television network!

Subscribe to ABS-CBN Entertainment channel! - https://bit.ly/ABS-CBNEntertainment

Visit our official websites!
https://entertainment.abs-cbn.com/tv/home
https://www.push.com.ph

Facebook: 
https://www.facebook.com/ABSCBNnetwork

Twitter: 
https://twitter.com/ABSCBN

Instagram: 
https://instagram.com/abscbn","PH",NA,NA,"","UUstEtN0pgOmCf02EdXsGChw",40905157585,33400000,153359,"/m/02jjt /m/0f2f9 /m/02vxn","https://en.wikipedia.org/wiki/Entertainment https://en.wikipedia.org/wiki/Television_program https://en.wikipedia.org/wiki/Film",0,0,0,0,0,1,0,0,0,0,0,0,0,0,0,0,0,0,0,0
"UC9TO_oo4c_LrOiKNaY6aysA","Daddy Yankee","Icono y rey urbano, este es el canal oficial de música de Daddy Yankee en YouTube.

Daddy Yankee es la estrella de reggaetón, hip hop, pop, urbano y latino detrás de éxitos legendarios como Que Tire Pa' 'Lante, Con Calma, Dura, Gasolina, Despacito, Shaky Shaky y más. También es responsable de los álbumes que definen el género como Barrio Fino.

Suscríbete ahora al canal, dale a la <U+0001F514> y no te pierdas los estrenos oficiales de videos musicales, resúmenes de giras, entrevistas y mucho más.

Contacta a info@nevarezpr.com para más información.

","US","es",NA,"","UU9TO_oo4c_LrOiKNaY6aysA",17246424816,33400000,366,"/m/04rlf /m/0g293 /m/0glt670","https://en.wikipedia.org/wiki/Music https://en.wikipedia.org/wiki/Music_of_Latin_America https://en.wikipedia.org/wiki/Hip_hop_music",0,1,0,0,0,0,0,0,0,0,0,0,0,0,0,0,0,0,0,0
"UCjIA3wwhi0QjSOXAZwOXbPA","Ozuna","This is the official YouTube Channel of OZUNA. Singer, songwriter and actor from Puerto Rico and the Dominican Republic. Hits include ""Si Tu Marido No Te Quiere"" ""Síguelo Bailando"" ""Vaina Loca"" ""Unica"" and ""Taki Taki"". In 2018 OZUNA was the #1 YouTube channel globally on the platform. He currently holds the Guinness Award record for Artist with the most videos to reach one billion views on YouTube, 7 videos in total. 

Este es el canal oficial de música de OZUNA en YouTube. Cantante, compositor y actor de Puerto Rico y República Dominicana. Sus exitos incluyen 'Si Tu Marido No Te Quiere', 'Síguelo Bailando', 'Vaina Loca', 'Unica' y 'Taki Taki'. En el 2018, OZUNA fue el canal número 1 de YouTube a nivel mundial en la plataforma. Actualmente tiene el récord del Premio Guinness para artista para Artista con la mayor cantidad de vídeos para alcanzar mil millones de visitas en YouTube, 7 en total.

Info: info@auramusic.com  Booking: booking@auramusic.com","PR",NA,NA,"","UUjIA3wwhi0QjSOXAZwOXbPA",18030739345,32900000,125,"/m/04rlf /m/0g293 /m/0glt670 /m/02lkt","https://en.wikipedia.org/wiki/Music https://en.wikipedia.org/wiki/Music_of_Latin_America https://en.wikipedia.org/wiki/Hip_hop_music https://en.wikipedia.org/wiki/Electronic_music",0,1,0,0,0,0,0,0,0,0,0,0,0,0,0,0,0,0,0,0
"UCM8mI1daMcwOI3jVkGWyi1A","badbunnypr","bad bunny siendo Benito. Pero no soy bad bunny","PR",NA,NA,"","UUM8mI1daMcwOI3jVkGWyi1A",4652883,20900,214,"/m/04rlf /m/0g293","https://en.wikipedia.org/wiki/Music https://en.wikipedia.org/wiki/Music_of_Latin_America",0,1,0,0,0,0,0,0,0,0,0,0,0,0,0,0,0,0,0,0
"UCGnjeahCJW1AF34HBmQTJ-Q","shakiraVEVO","Shakira on Vevo - Official Music Videos, Live Performances, Interviews and more...",NA,"en",NA,"FLGnjeahCJW1AF34HBmQTJ-Q","UUGnjeahCJW1AF34HBmQTJ-Q",19625837978,18600000,170,"/m/064t9 /m/0g293 /m/04rlf","https://en.wikipedia.org/wiki/Pop_music https://en.wikipedia.org/wiki/Music_of_Latin_America https://en.wikipedia.org/wiki/Music",0,0,0,0,0,0,0,0,0,0,0,0,0,0,0,0,0,0,0,1
"UCnAcxgRZ065f_eXK1o85c1w","XXXTENTACION - Topic","Jahseh Dwayne Ricardo Onfroy, known professionally as XXXTentacion, was an American rapper, singer, and songwriter. Though a controversial figure due to his widely publicized legal troubles, XXXTentacion gained a cult following among his young fanbase during his short career with his depression and alienation-themed music. Critics and fans often credited him for his musical versatility, with his music exploring emo, trap, lo-fi, indie rock, nu metal, hip hop, R&B and punk rock. He was considered a significant figure in the emo-rap and soundcloud rap genres which garnered mainstream attention during the mid-late 2010s.
Born in Plantation, Florida, XXXTentacion spent most of his childhood in Lauderhill. He began writing music after being released from a juvenile detention center and soon started his music career on SoundCloud in 2013, employing styles and techniques that were unconventional in rap music, such as distortion and heavy guitar-backed instrumentals, drawing inspiration from third-wave emo and grunge.",NA,NA,NA,"","UUnAcxgRZ065f_eXK1o85c1w",2173831688,119000,339,"/m/0glt670 /m/04rlf","https://en.wikipedia.org/wiki/Hip_hop_music https://en.wikipedia.org/wiki/Music",0,0,0,0,0,0,0,0,0,0,0,0,0,1,0,0,0,0,0,0
"UCoyI4ollCkDDGUz7Oy3Z-Dg","Spøtlight !","Traducción de música variada y sin sentido

DIVIÉRTETE","US",NA,NA,"","UUoyI4ollCkDDGUz7Oy3Z-Dg",1011956,2650,44,"/m/04rlf /m/02lkt /m/05rwpb","https://en.wikipedia.org/wiki/Music https://en.wikipedia.org/wiki/Electronic_music https://en.wikipedia.org/wiki/Independent_music",0,1,0,0,0,0,0,0,0,0,0,0,0,0,0,0,0,0,0,0
"UCt-k6JwNWHMXDBGm9IYHdsg","J Balvin","Tu Veneno out now: https://jbalvin.lnk.to/TuVeneno

Canal Oficial de J Balvin 

management@jbalvinelnegocio.com","CO",NA,NA,"FLt-k6JwNWHMXDBGm9IYHdsg","UUt-k6JwNWHMXDBGm9IYHdsg",17693359196,30400000,74,"/m/0g293 /m/04rlf","https://en.wikipedia.org/wiki/Music_of_Latin_America https://en.wikipedia.org/wiki/Music",0,0,0,0,0,0,0,0,0,0,0,0,0,0,0,1,0,0,0,0
"UCgFXm4TI8htWmCyJ6cVPG_A","Toys and Colors","We bring toys and colors to kids with fun and educational videos","US",NA,NA,"","UUgFXm4TI8htWmCyJ6cVPG_A",27679263661,30300000,573,"/m/02jjt /m/03glg /m/019_rr","https://en.wikipedia.org/wiki/Entertainment https://en.wikipedia.org/wiki/Hobby https://en.wikipedia.org/wiki/Lifestyle_(sociology)",0,0,0,0,0,1,0,0,0,0,0,0,0,0,0,0,0,0,0,0
"UCQZfFRohQ7UX-0CdXl-6pwQ","Kimberly Loaiza","Hola ""Linduras"" mi nombre es Kimberly Loiza y creo contenido en internet por que me gusta entretener a mis seguidores. Acostumbre a subir contenido muy RANDOM pero te aseguro que este canal será divertido para tí.

Si quieres ser parte de esta nueva familia te invito a que te suscribas y bienvenido si lo harás.

Contacto: marcaskim@gmail.com <U+0001F4E9>","MX",NA,NA,"","UUQZfFRohQ7UX-0CdXl-6pwQ",2694056863,30100000,162,"/m/019_rr /m/07c1v","https://en.wikipedia.org/wiki/Lifestyle_(sociology) https://en.wikipedia.org/wiki/Technology",0,0,0,0,0,0,0,0,0,0,0,0,0,0,1,0,0,0,0,0
"UCwHE1kM1CPJd_pI9FQ0-4dg","shfa","<U+0646><U+062D><U+0628><U+0643><U+0645>  I love you 
( <U+0644><U+0644><U+062A><U+0648><U+0627><U+0635><U+0644> - to contact )  
shfaworld@gmail.com  
","AE",NA,NA,"","UUwHE1kM1CPJd_pI9FQ0-4dg",15511211478,3e+07,650,"/m/019_rr /m/02jjt /m/03glg","https://en.wikipedia.org/wiki/Lifestyle_(sociology) https://en.wikipedia.org/wiki/Entertainment https://en.wikipedia.org/wiki/Hobby",0,0,0,0,0,0,0,0,0,0,0,0,0,0,1,0,0,0,0,0
"UC_aEa8K-EOJ3D6gOs7HcyNg","NoCopyrightSounds","NoCopyrightSounds is a copyright free / stream safe record label, providing free to use music to the content creator community. We work with artists from around the world in electronic music, representing genres from House to Dubstep via Trap, Drum & Bass, Electro Pop and more. 

NCS Music is free to use for independent Creators and their UGC (User Generated Content) on YouTube & Twitch - always remember to credit the Artist, track and NCS and link back to our original NCS upload.

View our usage policy and some frequently asked questions here: http://ncs.io/UsagePolicy

Grab our new apparel range here: http://ncs.io/Store","GB",NA,NA,"","UU_aEa8K-EOJ3D6gOs7HcyNg",9536731999,29900000,900,"/m/02lkt /m/04rlf","https://en.wikipedia.org/wiki/Electronic_music https://en.wikipedia.org/wiki/Music",0,0,0,0,0,0,0,0,0,0,0,0,0,0,0,0,1,0,0,0
"UCBOmfqgTZi7yDp4-3Lr_3lA","Shemaroo Movies","Your one-stop destination for authentic Indian content now with the biggest cashback offer! Get upto 100% Paytm cashback on purchasing any pack worth Rs.129 or more! Hurry & subscribe now:
https://shemaroo.com/ShemarooMovies/

Shemaroo Entertainment brings to you its exclusive Movies channel, 'shemaroo movies' solely for full-length premium Bollywood films. 

Celebrating the golden jubilee, Shemaroo Entertainment Ltd is among few entertainment companies that has hallmarked several pioneering efforts with its innovative and out- of-the- box thinking. Founded in 1962, Shemaroo Entertainment Ltd is an established media content house in the country, active in Content Acquisition, Value Addition to Content and Content Distribution with a large content library of over 2900 titles.


Subscribe and be a part of the magical world of Bollywood.
https://www.youtube.com/user/shemaroomovies","IN",NA,NA,"FLBOmfqgTZi7yDp4-3Lr_3lA","UUBOmfqgTZi7yDp4-3Lr_3lA",3803695305,14600000,1006,"/m/02vxn /m/02jjt","https://en.wikipedia.org/wiki/Film https://en.wikipedia.org/wiki/Entertainment",0,0,0,0,0,0,0,0,0,1,0,0,0,0,0,0,0,0,0,0
"UC2tsySbe9TNrI-xh2lximHA","A4","<U+041A><U+0430><U+043D><U+0430><U+043B> <U+043D><U+0430><U+0437><U+044B><U+0432><U+0430><U+0435><U+0442><U+0441><U+044F> <U+0410>4, <U+043F><U+043E><U+0447><U+0435><U+043C><U+0443> <U+0442><U+0430><U+043A>? <U+0422><U+0435><U+0431><U+0435> <U+043D><U+0443><U+0436><U+043D><U+043E> <U+0437><U+0430><U+0439><U+0442><U+0438> <U+043D><U+0430> <U+043D><U+0435><U+0433><U+043E>, <U+043F><U+043E><U+0441><U+043C><U+043E><U+0442><U+0440><U+0435><U+0442><U+044C> <U+043F><U+0430><U+0440><U+0443> <U+0432><U+0438><U+0434><U+0435><U+043E> <U+0438> <U+0442><U+043E><U+0433><U+0434><U+0430> <U+0442><U+044B> <U+043F><U+043E><U+0439><U+043C><U+0435><U+0448><U+044C> <U+0432> <U+0447><U+0435><U+043C> <U+0434><U+0435><U+043B><U+043E>!) <U+041D><U+0430> <U+043A><U+0430><U+043D><U+0430><U+043B><U+0435> <U+0442><U+044B> <U+0441><U+043C><U+043E><U+0436><U+0435><U+0448><U+044C> <U+043D><U+0430><U+0439><U+0442><U+0438> <U+0438><U+043D><U+0442><U+0435><U+0440><U+0435><U+0441><U+043D><U+043E><U+0433><U+043E> <U+043F><U+0430><U+0440><U+043D><U+044F>, <U+043A><U+043E><U+0442><U+043E><U+0440><U+044B><U+0439> <U+0432><U+0441><U+0435><U+0433><U+0434><U+0430> <U+0440><U+0430><U+0441><U+0441><U+043A><U+0430><U+0436><U+0435><U+0442> <U+0442><U+0435><U+0431><U+0435> <U+0447><U+0442><U+043E>-<U+043D><U+0438><U+0431><U+0443><U+0434><U+044C> <U+0438><U+043D><U+0442><U+0435><U+0440><U+0435><U+0441><U+043D><U+043E><U+0435>, <U+0440><U+0430><U+0441><U+0441><U+043C><U+0435><U+0448><U+0438><U+0442> <U+0438> <U+043F><U+0440><U+043E><U+0441><U+0442><U+043E> <U+043F><U+043E><U+0434><U+043D><U+0438><U+043C><U+0435><U+0442> <U+043D><U+0430><U+0441><U+0442><U+0440><U+043E><U+0435><U+043D><U+0438><U+0435>. <U+041F><U+043E><U+0434><U+043F><U+0438><U+0441><U+044B><U+0432><U+0430><U+0439><U+0441><U+044F> <U+0438> <U+0441><U+0442><U+0430><U+043D><U+043E><U+0432><U+0438><U+0441><U+044C> <U+0411><U+0423><U+041C><U+0410><U+0416><U+041D><U+042B><U+041C>!

<U+25B6> <U+0421><U+0441><U+044B><U+043B><U+043A><U+0430> <U+043D><U+0430> <U+041C><U+0415><U+0420><U+0427> <U+0412><U+041B><U+0410><U+0414><U+0410> <U+0410>4 - https://a4shop.ru

<U+25B6> <U+0420><U+0415><U+041A><U+041B><U+0410><U+041C><U+0410>, <U+0421><U+041E><U+0422><U+0420><U+0423><U+0414><U+041D><U+0418><U+0427><U+0415><U+0421><U+0422><U+0412><U+041E> - a4a4a4a4PR@gmail.com

<U+0412><U+041B><U+0410><U+0414> <U+0410>4, <U+0410>4, A4, <U+0412><U+041B><U+0410><U+0414> <U+0411><U+0423><U+041C><U+0410><U+0413><U+0410>","BY",NA,NA,"","UU2tsySbe9TNrI-xh2lximHA",7151146943,29500000,362,"/m/02jjt","https://en.wikipedia.org/wiki/Entertainment",0,0,0,0,0,1,0,0,0,0,0,0,0,0,0,0,0,0,0,0
"UChGJGhZ9SOOHvBB0Y4DOO_w","Ryan's World","Welcome To Ryan's World!!! Ryan loves doing lots of fun things like pretend play, science experiments, music videos, skits, challenges, DIY arts and crafts and more!!! 
Most of the toys we used to review are being donated to local charity 

Ryan's Toys & Clothing at Walmart and Target!

Ryan's World 
Ryan's Family Review: https://www.youtube.com/channel/UCsaOzYsyshyrYL4SHCTI8xw
Combo Panda: https://www.youtube.com/channel/UCb69PhsHzsorirJDlxaIXlg
Gus The Gummy Gator: https://www.youtube.com/channel/UCZkSuKAy5kMnZXoxo1PrmJQ
VTubers: https://www.youtube.com/channel/UCwOGO9gT1y0IvzPqKal4loQ
The Studio Space: https://www.youtube.com/channel/UCRgCbwOa1f76Ec_eRBhhezA
For Media Inquiries: Ryansworld@rogersandcowan.com
For Business Inquiries: ryantoysreviewbiz@gmail.com","US",NA,NA,"","UUhGJGhZ9SOOHvBB0Y4DOO_w",46340662019,29200000,1950,"/m/02jjt /m/019_rr /m/03glg","https://en.wikipedia.org/wiki/Entertainment https://en.wikipedia.org/wiki/Lifestyle_(sociology) https://en.wikipedia.org/wiki/Hobby",0,0,0,0,0,1,0,0,0,0,0,0,0,0,0,0,0,0,0,0
"UC7_YxT-KID8kRbqZo7MyscQ","Markiplier","Welcome to Markiplier! Here you'll find some hilarious gaming videos, original comedy sketches, animated parodies, and other bits of entertainment! If this sounds like your kind of channel then please Subscribe Today!

Total Charity Raised <U+25B6> $3,000,000+","US",NA,NA,"","UU7_YxT-KID8kRbqZo7MyscQ",15447170789,28900000,4909,"/m/0bzvm2 /m/02ntfj /m/0403l3g /m/025zzc","https://en.wikipedia.org/wiki/Video_game_culture https://en.wikipedia.org/wiki/Action-adventure_game https://en.wikipedia.org/wiki/Role-playing_video_game https://en.wikipedia.org/wiki/Action_game",0,0,0,1,0,0,0,0,0,0,0,0,0,0,0,0,0,0,0,0
"UCPNxhDvTcytIdvwXWAm43cA","Selena Gomez","Official Selena Gomez YouTube Channel!",NA,NA,NA,"","UUPNxhDvTcytIdvwXWAm43cA",10296166179,28700000,179,"/m/02jjt /m/04rlf /m/064t9","https://en.wikipedia.org/wiki/Entertainment https://en.wikipedia.org/wiki/Music https://en.wikipedia.org/wiki/Pop_music",0,0,0,0,0,1,0,0,0,0,0,0,0,0,0,0,0,0,0,0
"UC8f7MkX4MFOOJ2SerXLInCA","one31","one31 <U+0E0A><U+0E48><U+0E2D><U+0E07><U+0E17><U+0E35><U+0E27><U+0E35><U+0E14><U+0E34><U+0E08><U+0E34><U+0E17><U+0E31><U+0E25><U+0E04><U+0E21><U+0E0A><U+0E31><U+0E14><U+0E23><U+0E30><U+0E14><U+0E31><U+0E1A> HD <U+0E17><U+0E35><U+0E48><U+0E2A><U+0E23><U+0E49><U+0E32><U+0E07><U+0E1B><U+0E23><U+0E32><U+0E01><U+0E0F><U+0E01><U+0E32><U+0E23><U+0E13><U+0E4C><U+0E04><U+0E27><U+0E32><U+0E21><U+0E2A><U+0E38><U+0E02><U+0E14><U+0E49><U+0E27><U+0E22><U+0E04><U+0E27><U+0E32><U+0E21><U+0E1A><U+0E31><U+0E19><U+0E40><U+0E17><U+0E34><U+0E07><U+0E17><U+0E35><U+0E48><U+0E2B><U+0E25><U+0E32><U+0E01><U+0E2B><U+0E25><U+0E32><U+0E22> <U+0E40><U+0E02><U+0E49><U+0E32><U+0E16><U+0E36><U+0E07><U+0E17><U+0E38><U+0E01><U+0E01><U+0E25><U+0E38><U+0E48><U+0E21><U+0E40><U+0E1B><U+0E49><U+0E32><U+0E2B><U+0E21><U+0E32><U+0E22> <U+0E40><U+0E1E><U+0E37><U+0E48><U+0E2D><U+0E43><U+0E2B><U+0E49><U+0E17><U+0E38><U+0E01><U+0E27><U+0E31><U+0E19><U+0E40><U+0E1B><U+0E47><U+0E19><U+0E27><U+0E31><U+0E19><U+0E02><U+0E2D><U+0E07><U+0E04><U+0E38><U+0E13> <U+0E17><U+0E31><U+0E49><U+0E07><U+0E27><U+0E31><U+0E19> <U+0E17><U+0E38><U+0E01><U+0E27><U+0E31><U+0E19> <U+0E08><U+0E31><U+0E14><U+0E40><U+0E15><U+0E47><U+0E21><U+0E14><U+0E49><U+0E27><U+0E22> ""<U+0E23><U+0E32><U+0E22><U+0E01><U+0E32><U+0E23>"" <U+0E04><U+0E23><U+0E1A><U+0E17><U+0E38><U+0E01><U+0E2D><U+0E23><U+0E23><U+0E16><U+0E23><U+0E2A> <U+0E17><U+0E31><U+0E49><U+0E07><U+0E27><U+0E32><U+0E44><U+0E23><U+0E15><U+0E35><U+0E49> <U+0E02><U+0E48><U+0E32><U+0E27> <U+0E41><U+0E25><U+0E30><U+0E01><U+0E35><U+0E2C><U+0E32> <U+0E08><U+0E31><U+0E14><U+0E2B><U+0E19><U+0E31><U+0E01><U+0E14><U+0E49><U+0E27><U+0E22> ""<U+0E25><U+0E30><U+0E04><U+0E23>"" <U+0E41><U+0E25><U+0E30> ""<U+0E0B><U+0E34><U+0E17><U+0E04><U+0E2D><U+0E21>"" <U+0E42><U+0E14><U+0E19><U+0E43><U+0E08><U+0E17><U+0E38><U+0E01><U+0E27><U+0E31><U+0E22> <U+0E17><U+0E38><U+0E01><U+0E04><U+0E23><U+0E2D><U+0E1A><U+0E04><U+0E23><U+0E31><U+0E27> 

<U+0E04><U+0E38><U+0E13><U+0E2A><U+0E32><U+0E21><U+0E32><U+0E23><U+0E16><U+0E15><U+0E34><U+0E14><U+0E15><U+0E32><U+0E21><U+0E0A><U+0E21> one31 <U+0E44><U+0E14><U+0E49><U+0E14><U+0E49><U+0E27><U+0E22><U+0E01><U+0E32><U+0E23><U+0E01><U+0E14><U+0E2B><U+0E21><U+0E32><U+0E22><U+0E40><U+0E25><U+0E02> 31 <U+0E14><U+0E39><U+0E1F><U+0E23><U+0E35> <U+0E04><U+0E21><U+0E0A><U+0E31><U+0E14><U+0E17><U+0E31><U+0E48><U+0E27><U+0E1B><U+0E23><U+0E30><U+0E40><U+0E17><U+0E28> <U+0E2B><U+0E23><U+0E37><U+0E2D><U+0E0A><U+0E21><U+0E22><U+0E49><U+0E2D><U+0E19><U+0E2B><U+0E25><U+0E31><U+0E07><U+0E44><U+0E14><U+0E49><U+0E17><U+0E32><U+0E07> one31 YouTube Official Channel","TH",NA,NA,"","UU8f7MkX4MFOOJ2SerXLInCA",22543098838,28700000,106799,"/m/0f2f9 /m/02jjt /m/02vxn","https://en.wikipedia.org/wiki/Television_program https://en.wikipedia.org/wiki/Entertainment https://en.wikipedia.org/wiki/Film",0,0,0,0,0,0,1,0,0,0,0,0,0,0,0,0,0,0,0,0
"UCpDJl2EmP7Oh90Vylx0dZtA","Spinnin' Records","The Spinnin’ Records YouTube channel is the home for all music videos of the world’s leading dance record label!

We feature the latest music videos by Spinnin’ artists like Afrojack, Sam Feldt, KSHMR, Ummet Ozcan, Blasterjaxx, Merk & Kremont, Timmy Trumpet, Tujamo, Alok, Curbi, Mike Williams, Lucas & Steve and many, many more! Expect daily uploads of official music videos, lyric videos and official audio across genres like dance, house, electro house, future house, deep house, big room and trap.

Make sure to subscribe to Spinnin' Records: http://bit.do/spinnintv.. and turn on notifications to stay updated with all new uploads!<U+0001F514>

Follow Spinnin’ Records:
https://open.spotify.com/user/spinninrecordsofficial
https://soundcloud.com/spinninrecords
https://facebook.com/SpinninRecords
https://instagram.com/spinninrecords
https://twitter.com/SpinninRecords
https://spinninrecords.com","NL",NA,NA,"","UUpDJl2EmP7Oh90Vylx0dZtA",17907359412,28500000,10045,"/m/02lkt /m/04rlf","https://en.wikipedia.org/wiki/Electronic_music https://en.wikipedia.org/wiki/Music",0,0,0,0,0,0,0,0,0,0,0,0,0,0,0,0,1,0,0,0
