"id","snippet_title","snippet_description","snippet_country","snippet_defaultLanguage","contentDetails_relatedPlaylists_likes","contentDetails_relatedPlaylists_favorites","contentDetails_relatedPlaylists_uploads","statistics_viewCount","statistics_subscriberCount","statistics_videoCount","topicDetails_topicsIds","topicDetails_topicCategories"
"UClgRkhTL3_hImCAmdLfDE4g","YouTube Movies","YouTube's movies destination featuring the latest new releases, blockbusters and more.",NA,NA,"","","UUlgRkhTL3_hImCAmdLfDE4g",0,1.34e+08,0,NA,NA
"UCOpNcN46UbXVtpKMrmU4Abg","Gaming","YouTube's gaming channel, featuring news, reviews, playthroughs, and more.
This channel was generated automatically by YouTube's video discovery system.",NA,NA,"","","UUOpNcN46UbXVtpKMrmU4Abg",0,88500000,0,"/m/0bzvm2","https://en.wikipedia.org/wiki/Video_game_culture"
"UCEgdi0XIXXZ-qJOFPf4JSKw","Sports","sport : an activity involving physical exertion and skill in which an individual or team competes against another or others for entertainment",NA,NA,"","","UUEgdi0XIXXZ-qJOFPf4JSKw",0,74900000,0,"/m/06ntj","https://en.wikipedia.org/wiki/Sport"
"UCJplp5SjeGSdVdwsfb9Q7lQ","Like Nastya","Welcome to Nastya's universe - where Nastya and her parents play, learn, sing, explore and share their life experiences. 

Millions of kids and families from all over the world join Nastya every day to explore the world and learn about songs, numbers, nature, colors, shapes, animals, and the importance of eating healthy food, washing hands, being a good friend, and much more.

Follow Like Nastya on Instagram - https://www.instagram.com/likenastya/
Follow Like Nastya on TikTok - https://www.tiktok.com/@likenastya

Copyright © 2019 Like Nastya, LLC. All rights reserved. This visual production contains original artistic content and ideas and is protected by U.S. and international laws. Reproduction and distribution of this visual presentation without written expressed permission of the copyright holder/ author is prohibited.  For permission requests, write to copyright holder/ author, addressed to info@likenastya.com","US",NA,"","","UUJplp5SjeGSdVdwsfb9Q7lQ",55397745353,72200000,560,"/m/03glg /m/019_rr /m/02jjt","https://en.wikipedia.org/wiki/Hobby https://en.wikipedia.org/wiki/Lifestyle_(sociology) https://en.wikipedia.org/wiki/Entertainment"
"UCS94J1s6-qc8v7btCdS2pNg","Like Nastya Show","","US",NA,"","","UUS94J1s6-qc8v7btCdS2pNg",16305977778,37200000,407,"/m/02jjt /m/019_rr /m/03glg","https://en.wikipedia.org/wiki/Entertainment https://en.wikipedia.org/wiki/Lifestyle_(sociology) https://en.wikipedia.org/wiki/Hobby"
"UCYfdidRxbB8Qhf0Nx7ioOYw","News","YouTube's news destination featuring comprehensive up-to-date coverage on the latest top stories, sports, business, entertainment, politics, and more.",NA,NA,"","","UUYfdidRxbB8Qhf0Nx7ioOYw",0,35400000,0,NA,NA
"UCF0pVplsI8R5kcAqgtoRqoA","Popular on YouTube","The pulse of what's popular on YouTube. Check out the latest music videos, trailers, comedy clips, and everything else that people are watching right now.",NA,NA,"","","UUF0pVplsI8R5kcAqgtoRqoA",0,29600000,0,NA,NA
"UCiGm_E4ZwYSHV3bcW1pnSeQ","Billie Eilish","","US",NA,"","","UUiGm_E4ZwYSHV3bcW1pnSeQ",8759056005,39500000,34,"/m/04rlf /m/05rwpb /m/064t9","https://en.wikipedia.org/wiki/Music https://en.wikipedia.org/wiki/Independent_music https://en.wikipedia.org/wiki/Pop_music"
"UC-lHJZR3Gqxm24_Vd_AJ5Yw","PewDiePie","I make videos.","US",NA,"","FL-lHJZR3Gqxm24_Vd_AJ5Yw","UU-lHJZR3Gqxm24_Vd_AJ5Yw",27055902545,1.09e+08,4299,"/m/0bzvm2 /m/025zzc /m/02ntfj /m/0403l3g","https://en.wikipedia.org/wiki/Video_game_culture https://en.wikipedia.org/wiki/Action_game https://en.wikipedia.org/wiki/Action-adventure_game https://en.wikipedia.org/wiki/Role-playing_video_game"
"UCFFbwnve3yF62-tVXkTyHqg","Zee Music Company","Zee Music Company is part of India's leading television media and entertainment companies. It is amongst the largest producers and aggregators of Hindi programming in the world, with an extensive library housing over 222,000 hours of television content along with a strong presence in over 171 countries and a total viewership of 1 Billion plus people around the globe. Our Library has rights to more than 3,818 movie titles from premiere studios featuring iconic film stars, ZEEL houses the world’s largest Hindi film library.

Zee Music Company
Facebook - https://www.facebook.com/zeemusiccompany
Twitter - https://twitter.com/ZeeMusicCompany","IN",NA,"","","UUFFbwnve3yF62-tVXkTyHqg",35665569479,70800000,5326,"/m/028sqc /m/04rlf","https://en.wikipedia.org/wiki/Music_of_Asia https://en.wikipedia.org/wiki/Music"
"UCppHT7SZKKvar4Oc9J4oljQ","Zee TV","Launched in 1992, Zee TV is the pioneer of television entertainment industry in India. Our innovative programming has set new benchmarks, and helped us connect with over 3 billion viewers across world. Official account of India’s pioneering Hindi General Entertainment Channel of India. We celebrate the hopes and ambitions of the great Indian middle class community like no other.
","IN","en","","","UUppHT7SZKKvar4Oc9J4oljQ",9241495304,57400000,53918,"/m/02jjt /m/0f2f9 /m/02vxn","https://en.wikipedia.org/wiki/Entertainment https://en.wikipedia.org/wiki/Television_program https://en.wikipedia.org/wiki/Film"
"UCX6OQ3DkcsbYNE6H8uQQuVA","MrBeast","Accomplishments
- Raised $20,000,000 To Plant 20,000,000 Trees
- Given millions to charity
- Donated over 100 cars lol
- Gave away a private island
- Given away over 100 ps4s lol
- Gave away 1 million dollars in one video 
- Counted to 100k
- Read the Dictionary
- Watched Dance Till You're Dead For 10 Hours
- Read Bee Movie Script
- Read Longest English Word
- Watched Paint Dry
- Ubering Across America
- Watched It's Every Day Bro For 10 Hours
- Ran a marathon in the world's largest shoes
- Adopted every dog in a shelter
You get the point haha



*Do not email me asking for money, I give away money because it makes me happy :)","US",NA,"","","UUX6OQ3DkcsbYNE6H8uQQuVA",9712742308,57200000,705,"/m/02jjt","https://en.wikipedia.org/wiki/Entertainment"
"UCP6uH_XlsxrXwZQ4DlqbqPg","Shemaroo Filmi Gaane","Welcome to Shemaroo Filmi Gaane, a treat for every music lover and Bollywood connoisseur! Chart buster songs from super-hit movies like Anand, Don, Bobby, Prem Rog and more. 

Celebrating the Golden Jubilee, Shemaroo Entertainment Ltd is among few entertainment companies that has hallmarked several pioneering efforts with its innovative and out- of-the- box thinking. Founded in 1962, Shemaroo Entertainment Ltd is an established media content house in the country, active in Content Acquisition, Value Addition to Content and Content Distribution with a large content library of over 2900 titles.Shemaroo is engaged in the distribution of content for satellite channels, physical formats and emerging digital technologies like the Mobile, Internet, Broadband, IPTV and DTH among others. With its partnership with the major telecom operators and other digital media platforms, Shemaroo is at the forefront of the digital age. 

SUBSCRIBE now for Old & New Bollywood Songs !!","IN",NA,"","FLP6uH_XlsxrXwZQ4DlqbqPg","UUP6uH_XlsxrXwZQ4DlqbqPg",23853768806,50100000,6996,"/m/04rlf /m/028sqc","https://en.wikipedia.org/wiki/Music https://en.wikipedia.org/wiki/Music_of_Asia"
"UCLkAepWjdylmXSltofFvsYQ","BANGTANTV","<U+BC29><U+D0C4><U+C18C><U+B144><U+B2E8> <U+ACF5><U+C2DD> <U+C720><U+D29C><U+BE0C> <U+CC44><U+B110> <U+C785><U+B2C8><U+B2E4>.
This is the Official YouTube channel for BTS.",NA,NA,"","","UULkAepWjdylmXSltofFvsYQ",9267738678,46800000,1459,"/m/028sqc /m/04rlf /m/064t9 /m/0glt670","https://en.wikipedia.org/wiki/Music_of_Asia https://en.wikipedia.org/wiki/Music https://en.wikipedia.org/wiki/Pop_music https://en.wikipedia.org/wiki/Hip_hop_music"
"UC_uubOdHmlPJM_BMnaBuj0g","pinkfong","",NA,NA,"","","UU_uubOdHmlPJM_BMnaBuj0g",0,NA,0,NA,NA
"UCYWOjHweP2V-8kGKmmAmQJQ","Badabun","","MX",NA,"","","UUYWOjHweP2V-8kGKmmAmQJQ",17184879645,44300000,7099,"/m/02jjt /m/06ntj","https://en.wikipedia.org/wiki/Entertainment https://en.wikipedia.org/wiki/Sport"
"UC22nIfOTM7KLIQuFGMKzQbg","Wave Music","This is the official YouTube channel of Wave Music, the leading bhojpuri music record label from India. We offer songs and music from popular bhojpuri albums and movies. All the latest tracks of famous bhojpuri artists such as Pawan Singh, Khesari Lal Yadav, Dinesh Lal Yadav ""Nirahua"", Pramod Premi, Ritesh Pandey, Gunjan Singh, Ankush Raja, Antra Singh Priyanka, Golu Gold, Akshara Singh and many others, are available for streaming. The channel has more than 35000 tracks of 2000+ artists of different categories such as bhojpuri songs, bhojpuri gana, bhojpuri song new, lokgeet, devi geet, chathh geet, bhakti song, bhojpuri movie, bhojpuri film, bhojpuri cinema and movie songs.

To subscribe us click here: http://goo.gl/ip2lbk
Download our official android app from Play Store: https://play.google.com/store/apps/details?id=com.bhojpuriwave.bhojpuriwave
Visit us on http://www.bhojpuriwave.com
Like our Facebook page - https://www.facebook.com/wavemusicofficial/","IN",NA,"","","UU22nIfOTM7KLIQuFGMKzQbg",30216900600,43300000,18509,"/m/028sqc /m/02jjt /m/04rlf","https://en.wikipedia.org/wiki/Music_of_Asia https://en.wikipedia.org/wiki/Entertainment https://en.wikipedia.org/wiki/Music"
"UCqECaJ8Gagnn7YCbPEzWH6g","Taylor Swift","Fearless (Taylor’s Version) available for pre-order now
",NA,NA,"","","UUqECaJ8Gagnn7YCbPEzWH6g",21733187996,4.2e+07,188,"/m/04rlf /m/064t9 /m/01lyv","https://en.wikipedia.org/wiki/Music https://en.wikipedia.org/wiki/Pop_music https://en.wikipedia.org/wiki/Country_music"
"UCV4xOVpbcV8SdueDCOxLXtQ","Fernanfloo","Algunos dicen que soy un ""CRACK"" y otros dicen que soy un ""FAIL"", realmente no importa que soy, yo simplemente busco DIVERTIR y ENTRETENER =)

¿Cuando subes vídeos?
R// La verdad ni yo se cuando subiré vídeo xD. Todo depende de que tan ZABROZONGO me sienta en ese momento :V","SV",NA,"","","UUV4xOVpbcV8SdueDCOxLXtQ",9056064192,41500000,539,"/m/0bzvm2 /m/02ntfj /m/025zzc /m/02jjt","https://en.wikipedia.org/wiki/Video_game_culture https://en.wikipedia.org/wiki/Action-adventure_game https://en.wikipedia.org/wiki/Action_game https://en.wikipedia.org/wiki/Entertainment"
"UCN5tI3GcCgZJFWigcwUSA5A","katyperry","Official YouTube Channel for Katy Perry.",NA,NA,"","FLN5tI3GcCgZJFWigcwUSA5A","UUN5tI3GcCgZJFWigcwUSA5A",124952,4480,2,"/m/04rlf /m/064t9","https://en.wikipedia.org/wiki/Music https://en.wikipedia.org/wiki/Pop_music"
"UCzp1C-JqNP_L7XQMnA7muAA","tipsofficial","",NA,NA,"","FLzp1C-JqNP_L7XQMnA7muAA","UUzp1C-JqNP_L7XQMnA7muAA",69072,87,10,"/m/04rlf /m/06by7 /m/064t9","https://en.wikipedia.org/wiki/Music https://en.wikipedia.org/wiki/Rock_music https://en.wikipedia.org/wiki/Pop_music"
"UCj0O6W8yDuLg3iraAXKgCrQ","Você Sabia?","O Canal Voce Sabia reune as melhores curiosidades, historias e fatos interessantes do mundo. Lukas Marques e Daniel Molo
CONTATO COMERCIAL: contato@projetovs.com

Se ainda nao é inscrito, se inscreva 
e descubra coisas que você sabia ou não. 16/01/19","BR",NA,"","FLj0O6W8yDuLg3iraAXKgCrQ","UUj0O6W8yDuLg3iraAXKgCrQ",6220594244,39900000,1183,"/m/01k8wb /m/02jjt","https://en.wikipedia.org/wiki/Knowledge https://en.wikipedia.org/wiki/Entertainment"
"UCaayLD9i5x4MmIoVZxXSv_g","T-Series Bhakti Sagar","T-Series being the biggest Music Company not only enjoys it's top position in Bollywood music but also boasts of being the Biggest Bhakti Channel. T-Series Bhakti Sagar is dedicated to bring an experience of Divine spirituality comprising of a huge Catalogue of Bhajans of different Gods. From Bhajans of Atma-Bhakti to Ishwara-Bhakti, Ishta Devata-Bhakti, Guru-Bhakti and many more, the channel would take you on a Bhakti Marga of spirituality and Peace. So, surrender yourself to god only with T-Series Bhakti Sagar.","IN",NA,"","","UUaayLD9i5x4MmIoVZxXSv_g",17243231026,39200000,21782,"/m/04rlf /m/028sqc","https://en.wikipedia.org/wiki/Music https://en.wikipedia.org/wiki/Music_of_Asia"
"UCbTLwN10NoCU4WDzLf1JMOA","YRF","Films. Music. Artistes.
At our core, we’re storytellers.
Celebrating the legacy #YRF50

From making high-budget blockbusters to youth-oriented films, from working with the biggest actors of the industry to launching young talent in films, from being the distribution house with the strongest global foothold to pioneering new formats of distribution and exploring newer territories, from launching compelling story-telling forms to the numerous digitally led innovations, Yash Raj Films (YRF) has maintained its flagship position across all verticals since its genesis.","IN",NA,"","","UUbTLwN10NoCU4WDzLf1JMOA",21772368140,38700000,3420,"/m/02jjt /m/04rlf /m/02vxn /m/028sqc","https://en.wikipedia.org/wiki/Entertainment https://en.wikipedia.org/wiki/Music https://en.wikipedia.org/wiki/Film https://en.wikipedia.org/wiki/Music_of_Asia"
"UCp0hYYBW6IMayGgR-WeoCvQ","TheEllenShow","For 18 incredible, eventful and sometimes life-changing seasons, Ellen has been making audiences laugh all over the world with her signature brand of humor and her powerful message of kindness. There's nobody better at making you laugh and brightening your day. You never know what funny can do!","US",NA,"","","UUp0hYYBW6IMayGgR-WeoCvQ",21451924233,37800000,12838,"/m/02vxn /m/0f2f9 /m/02jjt","https://en.wikipedia.org/wiki/Film https://en.wikipedia.org/wiki/Television_program https://en.wikipedia.org/wiki/Entertainment"
"UCy1Z_q26mYhSpO0MRnzz5lA","Luis Arturo Villar Sudek","Hubo cambio de locación; suscríbete al NUEVO canal para checar los videos más recientes! http://www.youtube.com/LuisitoComunicaa . Borrachos, bromas, reportajes, gente chistosa, cortometrajes y un entrevistador atractivo en exceso...

E-Mail: luisitocomunica@gmail.com",NA,NA,"","","UUy1Z_q26mYhSpO0MRnzz5lA",0,19800,0,NA,NA
"UCOsyDsO5tIt-VZ1iwjdQmew","Speed Records","Speed Records, the biggest Punjabi Music Record label in the world combining feet tapping tunes accompanied with vibrant voices as the identifier of Punjabi culture. With best of artistes in Punjabi Music and a huge repertoire of hits, this is your one stop destination for Punjabi Music!

Enjoy & stay connected with us!
<U+25BA> Subscribe to Speed Records : http://bit.ly/SpeedRecords
<U+25BA> Like us on Facebook: https://www.facebook.com/SpeedRecords
<U+25BA> Follow us on Twitter: https://twitter.com/Speed_Records
<U+25BA> Follow us on Instagram: https://instagram.com/speedrecords
<U+25BA> Follow on Snapchat : https://www.snapchat.com/add/speedrecords
Website - http://www.speedrecordsworld.com/","IN",NA,"","","UUOsyDsO5tIt-VZ1iwjdQmew",19653506852,35400000,9175,"/m/028sqc /m/04rlf","https://en.wikipedia.org/wiki/Music_of_Asia https://en.wikipedia.org/wiki/Music"
"UC3MLnJtqc_phABBriLRhtgQ","SonyMusicIndiaVEVO","Sony Music India on Vevo - Official Music Videos, Live Performances, Interviews and more...",NA,"en","","","UU3MLnJtqc_phABBriLRhtgQ",17821862376,34900000,3127,"/m/028sqc /m/04rlf","https://en.wikipedia.org/wiki/Music_of_Asia https://en.wikipedia.org/wiki/Music"
"UCBVjMGOIkavEAhyqpxJ73Dw","Maroon 5","Welcome to the Maroon 5 official Youtube Channel. Head to our website for more info- www.maroon5.com",NA,NA,"","","UUBVjMGOIkavEAhyqpxJ73Dw",17811955023,33600000,160,"/m/064t9 /m/04rlf","https://en.wikipedia.org/wiki/Pop_music https://en.wikipedia.org/wiki/Music"
"UCNUQK9mQoqi4yNXw2_Rj6SA","GR6 EXPLODE","O GR6 Explode, atualmente 6º maior canal do Brasil e 2º maior canal de Funk do mundo, representa, de maneira consistente no mercado de entretenimento, uma das principais submarcas comerciais do Grupo GR6. Em sua maioria, os videoclipes veiculados neste canal têm a produção assinada pela GR6 Filmes, produtora audiovisual pertencente ao Grupo e uma das principais criadoras de conteúdo audiovisual voltado para o Funk no mundo. Enquanto produtora de eventos, gravadora e selo musical, a GR6 atua em 360º junto aos seus mais de 250 artistas pertencentes ao casting, que vão do Funk ao Pop music.

Para maiores informações, orçamentos e shows: 
(11) 2201-3648 | contato@gr6eventos.com.br 

©<U+FE0F>2014/2020 GR6 Explode/GR6 Filmes ","BR",NA,"","","UUNUQK9mQoqi4yNXw2_Rj6SA",18855795098,33500000,3581,"/m/04rlf /m/0glt670 /m/0g293","https://en.wikipedia.org/wiki/Music https://en.wikipedia.org/wiki/Hip_hop_music https://en.wikipedia.org/wiki/Music_of_Latin_America"
"UC3ZkCd7XtUREnjjt3cyY_gg","WorkpointOfficial","<U+0001F4FA> WorkpointOfficial <U+0E2A><U+0E16><U+0E32><U+0E19><U+0E35><U+0E04><U+0E27><U+0E32><U+0E21><U+0E1A><U+0E31><U+0E19><U+0E40><U+0E17><U+0E34><U+0E07><U+0E15><U+0E25><U+0E2D><U+0E14> 24 <U+0E0A><U+0E31><U+0E48><U+0E27><U+0E42><U+0E21><U+0E07> <U+0E2D><U+0E35><U+0E01><U+0E2B><U+0E19><U+0E36><U+0E48><U+0E07><U+0E0A><U+0E48><U+0E2D><U+0E07><U+0E17><U+0E32><U+0E07><U+0E40><U+0E1E><U+0E37><U+0E48><U+0E2D><U+0E41><U+0E1F><U+0E19><U+0E23><U+0E32><U+0E22><U+0E01><U+0E32><U+0E23><U+0E02><U+0E2D><U+0E07> Workpoint
<U+0E17><U+0E48><U+0E32><U+0E19><U+0E2A><U+0E32><U+0E21><U+0E32><U+0E23><U+0E16><U+0E14><U+0E39><U+0E23><U+0E32><U+0E22><U+0E01><U+0E32><U+0E23><U+0E15><U+0E48><U+0E32><U+0E07><U+0E46><U+0E22><U+0E49><U+0E2D><U+0E19><U+0E2B><U+0E25><U+0E31><U+0E07> <U+0E41><U+0E25><U+0E30><U+0E15><U+0E34><U+0E14><U+0E15><U+0E32><U+0E21><U+0E17><U+0E38><U+0E01><U+0E04><U+0E27><U+0E32><U+0E21><U+0E40><U+0E04><U+0E25><U+0E37><U+0E48><U+0E2D><U+0E19><U+0E44><U+0E2B><U+0E27><U+0E14><U+0E49><U+0E32><U+0E19><U+0E04><U+0E27><U+0E32><U+0E21><U+0E1A><U+0E31><U+0E19><U+0E40><U+0E17><U+0E34><U+0E07><U+0E44><U+0E14><U+0E49><U+0E08><U+0E32><U+0E01> Playlist <U+0E17><U+0E35><U+0E48><U+0E40><U+0E23><U+0E32><U+0E23><U+0E27><U+0E1A><U+0E23><U+0E27><U+0E21><U+0E44><U+0E27><U+0E49><U+0E43><U+0E2B><U+0E49><U+0E44><U+0E14><U+0E49><U+0E17><U+0E35><U+0E48><U+0E19><U+0E35><U+0E48> <U+0001F30F>

<U+0001F54A> <U+0E17><U+0E48><U+0E32><U+0E19><U+0E2A><U+0E32><U+0E21><U+0E32><U+0E23><U+0E16><U+0E15><U+0E34><U+0E0A><U+0E21><U+0E23><U+0E32><U+0E22><U+0E01><U+0E32><U+0E23><U+0E41><U+0E25><U+0E30><U+0E41><U+0E2A><U+0E14><U+0E07><U+0E04><U+0E27><U+0E32><U+0E21><U+0E04><U+0E34><U+0E14><U+0E40><U+0E2B><U+0E47><U+0E19><U+0E02><U+0E2D><U+0E07><U+0E17><U+0E48><U+0E32><U+0E19><U+0E1C><U+0E48><U+0E32><U+0E19><U+0E17><U+0E32><U+0E07> WorkpointOfficial <U+0E1A><U+0E19> YouTube 
<U+0E17><U+0E32><U+0E07><U+0E17><U+0E35><U+0E21><U+0E07><U+0E32><U+0E19><U+0E02><U+0E2D><U+0E02><U+0E2D><U+0E1A><U+0E04><U+0E38><U+0E13><U+0E2A><U+0E33><U+0E2B><U+0E23><U+0E31><U+0E1A><U+0E17><U+0E38><U+0E01><U+0E04><U+0E27><U+0E32><U+0E21><U+0E04><U+0E34><U+0E14><U+0E40><U+0E2B><U+0E47><U+0E19><U+0E08><U+0E32><U+0E01><U+0E17><U+0E48><U+0E32><U+0E19><U+0E1C><U+0E39><U+0E49><U+0E0A><U+0E21><U+0E17><U+0E38><U+0E01><U+0E17><U+0E48><U+0E32><U+0E19><U+0E21><U+0E32> <U+0E13> <U+0E17><U+0E35><U+0E48><U+0E19><U+0E35><U+0E49> <U+0001F64F>

<U+0001F4A5> <U+0E2B><U+0E21><U+0E32><U+0E22><U+0E40><U+0E2B><U+0E15><U+0E38>: <U+0E43><U+0E19><U+0E01><U+0E23><U+0E13><U+0E35><U+0E17><U+0E35><U+0E48><U+0E21><U+0E35><U+0E1C><U+0E39><U+0E49><U+0E41><U+0E2A><U+0E14><U+0E07><U+0E04><U+0E27><U+0E32><U+0E21><U+0E04><U+0E34><U+0E14><U+0E40><U+0E2B><U+0E47><U+0E19><U+0E1A><U+0E32><U+0E07><U+0E17><U+0E48><U+0E32><U+0E19><U+0E43><U+0E0A><U+0E49><U+0E16><U+0E49><U+0E2D><U+0E22><U+0E04><U+0E33><U+0E44><U+0E21><U+0E48><U+0E2A><U+0E38><U+0E20><U+0E32><U+0E1E> <U+0E17><U+0E32><U+0E07><U+0E17><U+0E35><U+0E21><U+0E07><U+0E32><U+0E19><U+0E02><U+0E2D><U+0E2A><U+0E07><U+0E27><U+0E19><U+0E2A><U+0E34><U+0E17><U+0E18><U+0E34><U+0E4C><U+0E43><U+0E19><U+0E01><U+0E32><U+0E23><U+0E25><U+0E1A><U+0E04><U+0E27><U+0E32><U+0E21><U+0E04><U+0E34><U+0E14><U+0E40><U+0E2B><U+0E47><U+0E19><U+0E17><U+0E35><U+0E48><U+0E44><U+0E21><U+0E48><U+0E40><U+0E2B><U+0E21><U+0E32><U+0E30><U+0E2A><U+0E21><U+0E2D><U+0E2D><U+0E01><U+0E44><U+0E1B> <U+0001F4A8>","TH",NA,"","","UU3ZkCd7XtUREnjjt3cyY_gg",29651057404,3.3e+07,54116,"/m/0f2f9 /m/02jjt /m/02vxn","https://en.wikipedia.org/wiki/Television_program https://en.wikipedia.org/wiki/Entertainment https://en.wikipedia.org/wiki/Film"
"UC1ciY6kR3yj3kaKZ6R7ewAg","Infobells - Hindi","Infobells Interactive Solutions is a multi-faceted E-Learning firm, engaged in publishing and marketing of Interactive Educational & Edutainment video content, covering a wide variety of categories like Children Rhymes, Animated Stories, Kids Education, Reference, Lifestyle, Self Improvement, CBT's etc.

Infobells showed a natural interest towards the Hindi language and produced a one of a kind 3D character animated ""Favourite Hindi Rhymes""-  A superb collection of fun filled traditional Hindi Rhymes. ","IN",NA,"","","UU1ciY6kR3yj3kaKZ6R7ewAg",17487520148,32900000,398,"/m/02jjt /m/04rlf /m/02vxn","https://en.wikipedia.org/wiki/Entertainment https://en.wikipedia.org/wiki/Music https://en.wikipedia.org/wiki/Film"
"UCXP1CTho6dCET9-WXGltagQ","JustinBieberVebo","",NA,NA,"","","UUXP1CTho6dCET9-WXGltagQ",4763,0,2,"/m/04rlf /m/02lkt","https://en.wikipedia.org/wiki/Music https://en.wikipedia.org/wiki/Electronic_music"
"UCam8T03EOFBsNdR0thrFHdQ","VEGETTA777","CODIGO CREADOR FORTNITE - VEGETTA777

<U+2665><U+2665><U+2665><U+2665><U+2665><U+2665><U+2665><U+2665><U+2665><U+2665><U+2665><U+2665><U+2665><U+2665><U+2665><U+2665><U+2665><U+2665><U+2665><U+2665><U+2665><U+2665> UNICORNIO MORADO  <U+2665><U+2665><U+2665><U+2665><U+2665><U+2665><U+2665><U+2665><U+2665><U+2665><U+2665><U+2665><U+2665><U+2665><U+2665><U+2665><U+2665><U+2665><U+2665><U+2665><U+2665><U+2665> 

INFORMACION DEL CANAL: Es un canal dedicado a los videojuegos dirigido por un chico amante de los unicornios y que vive con un duende asesino en su habitación, si te suscribes corres el riesgo de caer en mi locura, y no solo lo digo yo, también la mujer que aparece por las noches en el techo de mi cuarto! Un besitoooo ^^

*********** REDES SOCIALES Y CANAL DE TWITCH ***********

- TWITCH:http://goo.gl/V8MZfM
- TWITTER: http://goo.gl/s0ScyN
- FACEBOOK (PAGINA): http://goo.gl/Gfj14j
- FACEBOOK (PERFIL): http://goo.gl/vq5YU1
- MI APP CUQUI: http://goo.gl/Iaue6
- INSTAGRAM: http://goo.gl/m33DQo
- GOOGLE+: http://goo.gl/oXY9jZ

Business: vegetta777@vizz-agency.com",NA,NA,"","","UUam8T03EOFBsNdR0thrFHdQ",13898732641,32200000,6455,"/m/0bzvm2 /m/03hf_rm /m/0403l3g /m/02ntfj /m/025zzc","https://en.wikipedia.org/wiki/Video_game_culture https://en.wikipedia.org/wiki/Strategy_video_game https://en.wikipedia.org/wiki/Role-playing_video_game https://en.wikipedia.org/wiki/Action-adventure_game https://en.wikipedia.org/wiki/Action_game"
"UCWi_65E_L8tQZ34C6wVAlpQ","Venus","For Licensing enquiries : 
Email :- sync-india@believedigital.com

For Top Most Viewed Songs : http://bit.ly/2oXKpmF
For Bollywood Romantic Unforgettable : http://bit.ly/2bFeNNM
For The Finest Collection Of Ghazals : http://bit.ly/2bK1BnU
For Bollywood Sad Songs : http://bit.ly/2ch194S

The Official YouTube Channel of Venus Worldwide Entertainment Pvt. Ltd.

Venus, one of the leading Music Labels in India believes “Music is well said to be the speech of angels.” 

Been in the Music Industry for the past three decades, Venus is a mark of Great Music.  We have a huge library of approx 30000 songs and 32 Films produced & Presented under our own banner. We have an Evergreen Catalogue that embraces songs of various genres, languages, artists, singer, composers, lyricists as well as all deities across our Four Official Channels.

Venus accepts the truth that “Music is like Sound of Feelings.” 

SUBSCRIBE NOW!!
https://www.youtube.com/watch?v=HQbZyOjXkNY","IN",NA,"","","UUWi_65E_L8tQZ34C6wVAlpQ",12998279600,31300000,4448,"/m/04rlf /m/028sqc","https://en.wikipedia.org/wiki/Music https://en.wikipedia.org/wiki/Music_of_Asia"
"UCsT0YIqwnpJCM-mx7-gSA4Q","TEDx Talks","TEDx is an international community that organizes TED-style events anywhere and everywhere -- celebrating locally-driven ideas and elevating them to a global stage. TEDx events are produced independently of TED conferences, each event curates speakers on their own, but based on TED's format and rules.

TED's videos may be used for non-commercial purposes under a Creative Commons License, Attribution–Non Commercial–No Derivatives (or the CC BY – NC – ND 4.0 International) and in accordance with our TED Talks Usage Policy (https://www.ted.com/about/our-organization/our-policies-terms/ted-talks-usage-policy). 

For more information on using TED for commercial purposes (e.g. employee learning, in a film or online course), please submit a Media Request here: https://media-requests.ted.com.",NA,NA,"","","UUsT0YIqwnpJCM-mx7-gSA4Q",5494378201,30500000,164644,"/m/098wr /m/019_rr","https://en.wikipedia.org/wiki/Society https://en.wikipedia.org/wiki/Lifestyle_(sociology)"
"UCxpsAjlv21oRpTwM4T-QalQ","brunomars","",NA,NA,"","","UUxpsAjlv21oRpTwM4T-QalQ",12627,1830,8,"/m/04rlf /m/019_rr /m/06by7 /m/07yv9","https://en.wikipedia.org/wiki/Music https://en.wikipedia.org/wiki/Lifestyle_(sociology) https://en.wikipedia.org/wiki/Rock_music https://en.wikipedia.org/wiki/Vehicle"
"UCj22tfcQrWG7EMEKS0qLeEg","CarryMinati","I am an Indian comedian, gamer, rapper. 

CarryisLive :  https://www.youtube.com/channel/UC0IW...

Instagram<U+25BA> https://www.instagram.com/carryminati/
Facebook <U+25BA> https://www.facebook.com/CarryDeol/
Twitter <U+25BA> https://twitter.com/CarryMinati 
Snapchat<U+25BA> heyAjey

Business Related queries: workforcarry@gmail.com 

About CarryMinati : Youthoob certified member

DISCLAIMER: Please don't go out of your way to  or hate on anyone I talk about in my videos, this channel is to entertain people and I usually focus on joking about what the people are doing in general & not the individual themselves, please don't go spreading hate it's all 
for laughs. For detailed disclaimer please refer to the below link.
https://bit.ly/3iRKHH8","IN",NA,"","","UUj22tfcQrWG7EMEKS0qLeEg",2245291179,29500000,173,"/m/02jjt /m/025zzc /m/04rlf /m/02vxn /m/0bzvm2","https://en.wikipedia.org/wiki/Entertainment https://en.wikipedia.org/wiki/Action_game https://en.wikipedia.org/wiki/Music https://en.wikipedia.org/wiki/Film https://en.wikipedia.org/wiki/Video_game_culture"
"UC1cBXfyL3jmcoEfr1Zj19Yw","luisfonsiofficial","",NA,NA,"","","UU1cBXfyL3jmcoEfr1Zj19Yw",0,6320,0,NA,NA
"UCbTVTephX30ZhQF5zwFppBg","rezendeevil","No canal Rezendeevil, você irá encontrar vlogs bem divertidos!! Se inscreva agora!
4 VÍDEOS TODOS OS DIAS!! 12h, 14h 18h 20h

Contato Comercial: Rezende@adragencia.com.br

Instagram: rezende
Twitter: @rezende_evil
Snapchat: Imrezende","BR",NA,"","","UUbTVTephX30ZhQF5zwFppBg",11590805034,28900000,10162,"/m/02jjt","https://en.wikipedia.org/wiki/Entertainment"
"UCLPpd83VpWlH7U0epf9OrZw","ABPNews","Associated Baptist Press is the nations first and only independent news service created by and for Baptists.

Working out of bureaus in Washington and Nashville, ABP provides daily coverage of Baptist news, news from the nation's capital, and other general news and information of concern to Christians in the U.S. and around the world. 

ABP is supported through the generous contributions of friends, several Baptist institutional partners and foundations, including the Cooperative Baptist Fellowship, and is led by a self-perpetuating, independent board of directors. 

We welcome your interest in ABP and would enjoy communicating with you further, should you have questions about the ministry of Associated Baptist Press. 

  

Mission Statement 

Associated Baptist Press will serve Christ by providing credible and compelling information about matters of faith.",NA,NA,"","","UULPpd83VpWlH7U0epf9OrZw",839,43,2,"/m/098wr /m/04rlf","https://en.wikipedia.org/wiki/Society https://en.wikipedia.org/wiki/Music"
"UCtdA9SmV9mObMndfkOH62rA","TSeriesMusic","TSeriesMusic is music video channel. T-Series Music are Uploading All latest and Popular Music to Music Videos for Only Entertainment purpose only. ",NA,NA,"","","UUtdA9SmV9mObMndfkOH62rA",1522,NA,11,"/m/028sqc /m/04rlf","https://en.wikipedia.org/wiki/Music_of_Asia https://en.wikipedia.org/wiki/Music"
"UCbCmjCuTUZos6Inko4u57UQ","Cocomelon - Nursery Rhymes","At CoComelon, our primary goal has always been to engage families with entertaining and educational content that makes universally-relatable preschool moments fun. 
Our beautiful 3D animation and toe-tapping songs create a world that centers on the everyday experiences of young children. 
In addition to helping preschoolers learn letters, numbers, animal sounds, colors, and more, 
the videos impart prosocial life lessons, providing parents with an opportunity to teach and play with their children as they watch together.

CoComelon. Where kids can be happy and smart!","US",NA,"","","UUbCmjCuTUZos6Inko4u57UQ",97776271993,1.08e+08,619,"/m/04rlf /m/02jjt /m/02vxn","https://en.wikipedia.org/wiki/Music https://en.wikipedia.org/wiki/Entertainment https://en.wikipedia.org/wiki/Film"
"UCpEhnqL0y41EpW2TvWAHD7Q","SET India","Sony Entertainment Television is a 24 hour Hindi General Entertainment Channel that provides complete family entertainment. A dynamic channel that responds to the diverse needs of its viewers, it offers a complete spectrum of genres from thrillers to dramas, events to comedies, game shows to dance shows and much more
Our Brand Belief is “When relationship turns into partnership life looks up and leaps forward, our differences dissolve and we appreciate each other more, laugh together more and hence it’s a win win for all.  With our prudent story telling we continue to rule the roost with stories that are relevant, engaging and entertaining.","IN",NA,"","","UUpEhnqL0y41EpW2TvWAHD7Q",82909834295,1e+08,53087,"/m/0f2f9 /m/02vxn /m/02jjt","https://en.wikipedia.org/wiki/Television_program https://en.wikipedia.org/wiki/Film https://en.wikipedia.org/wiki/Entertainment"
"UCk8GzjMOrta8yxDcKfylJYw","<U+273F> Kids Diana Show","Love, Diana toys at Walmart: https://www.walmart.com/browse/toys/love-diana-toys/4171_7144110_2716378 
Love, Diana at Smyths Toys: https://pktw.ch/lovedianasmyths


E-mail: nicefamilyshow@gmail.com","US","ru","","","UUk8GzjMOrta8yxDcKfylJYw",53745397338,76500000,838,"/m/019_rr /m/02vxn /m/03glg /m/02jjt","https://en.wikipedia.org/wiki/Lifestyle_(sociology) https://en.wikipedia.org/wiki/Film https://en.wikipedia.org/wiki/Hobby https://en.wikipedia.org/wiki/Entertainment"
"UCJ5v_MCY6GNUBTO8-D3XoAg","WWE","WWE on YouTube is your number one spot to catch WWE original shows and exclusives!

Watch videos from all of your favorite WWE Superstars, backstage fallout from live shows including Raw, SmackDown, NXT and original shows such as Top 10, List This, WWE's The Bump and much more! 

Subscribe - https://goo.gl/2YO0Is

Stream WWE on Peacock https://pck.tv/2PIAQJI in the U.S. and on WWE Network http://wwe.yt/wwenetwork everywhere else.
",NA,NA,"","","UUJ5v_MCY6GNUBTO8-D3XoAg",56719856105,75200000,53765,"/m/02jjt /m/019_rr /m/06ntj /m/066wd","https://en.wikipedia.org/wiki/Entertainment https://en.wikipedia.org/wiki/Lifestyle_(sociology) https://en.wikipedia.org/wiki/Sport https://en.wikipedia.org/wiki/Professional_wrestling"
"UC295-Dw_tDNtZXFeAPAW6Aw","5-Minute Crafts","Fun diy-projects, crafts, experience the joy of doing it yourself!
OFFICIAL CHANNEL.



For brand partnership enquires: brands@thesoul-publishing.com","US",NA,"","","UU295-Dw_tDNtZXFeAPAW6Aw",19884917011,71800000,4677,"/m/019_rr /m/03glg /m/02wbm","https://en.wikipedia.org/wiki/Lifestyle_(sociology) https://en.wikipedia.org/wiki/Hobby https://en.wikipedia.org/wiki/Food"
"UCvlE5gTbOvjiolFlEm-c_Ow","Vlad and Niki","Our Merch: https://vladandniki.com/
“Vlad & Niki” is the global preschool phenomenon and highest rated kids channel on YouTube starring the imaginative personalities and antics of brothers Vlad and Niki, who are showcased in non-stop fun and crazy adventures.  Since launching on YouTube in 2018, the “Vlad & Niki” has attracted more than 152+ million subscribers worldwide and 80+ billion views, while averaging five billion monthly views on 16 channels and translated into 13 languages. Each episode is produced with a creative mix of live action, animation and music to create comedic videos for the preschool demographic. ""Vlad & Niki"" is the property of Content Media Group FZC, LLC, headed by co-founders Sergey and Victoria Vashketov, the parents of global superstar kidfluencers Vlad and Niki. 

Contact for advertising - Sergey Vashketov 
vlad.nikita.official@gmail.com

Press Contact - Hope Diamond 
hope@hopediamondpr.com","US",NA,"","","UUvlE5gTbOvjiolFlEm-c_Ow",45771574787,64600000,341,"/m/019_rr /m/02jjt /m/03glg","https://en.wikipedia.org/wiki/Lifestyle_(sociology) https://en.wikipedia.org/wiki/Entertainment https://en.wikipedia.org/wiki/Hobby"
"UCffDXn7ycAzwL2LDlbyWOTw","Canal KondZilla","Somos o maior canal de FUNK do MUNDO! Com muita alegria trabalhamos para você encontrar aqui e curtir os maiores hits de funk que estão nos topos das paradas de sucesso de todo o Brasil e estourado em todas as favelas.

Tel.: (11) 2385-0126 | contato@kondzilla.com

©2021 KondZilla®","BR",NA,"","FLffDXn7ycAzwL2LDlbyWOTw","UUffDXn7ycAzwL2LDlbyWOTw",34215992335,63800000,1812,"/m/04rlf /m/0g293 /m/0glt670","https://en.wikipedia.org/wiki/Music https://en.wikipedia.org/wiki/Music_of_Latin_America https://en.wikipedia.org/wiki/Hip_hop_music"
"UCIwFjwMjI0y7PDBVEO9-bkQ","Justin Bieber","Help change the world. JUSTICE the album out now https://JustinBieber.lnk.to/Justice","CA",NA,"","","UUIwFjwMjI0y7PDBVEO9-bkQ",24291874683,6.2e+07,207,"/m/064t9 /m/04rlf","https://en.wikipedia.org/wiki/Pop_music https://en.wikipedia.org/wiki/Music"
"UCOmHUn--16B90oW2L6FRR3A","BLACKPINK","BLACKPINK Official YouTube Channel
<U+BE14><U+B799><U+D551><U+D06C> <U+ACF5><U+C2DD> <U+C720><U+D29C><U+BE0C> <U+CC44><U+B110><U+C785><U+B2C8><U+B2E4>.

JISOO, JENNIE, ROSÉ, LISA
<U+C9C0><U+C218>, <U+C81C><U+B2C8>, <U+B85C><U+C81C>, <U+B9AC><U+C0AC>","KR",NA,"","","UUOmHUn--16B90oW2L6FRR3A",16775521608,59500000,351,"/m/04rlf /m/028sqc /m/064t9 /m/0glt670","https://en.wikipedia.org/wiki/Music https://en.wikipedia.org/wiki/Music_of_Asia https://en.wikipedia.org/wiki/Pop_music https://en.wikipedia.org/wiki/Hip_hop_music"
"UCRijo3ddMTht_IHyNSNXpNQ","Dude Perfect","5 best buds just kickin' it.
If you like Sports + Comedy, come join the Dude Perfect team!","US",NA,"","FLRijo3ddMTht_IHyNSNXpNQ","UURijo3ddMTht_IHyNSNXpNQ",12716908207,55700000,258,"/m/02jjt /m/06ntj /m/019_rr","https://en.wikipedia.org/wiki/Entertainment https://en.wikipedia.org/wiki/Sport https://en.wikipedia.org/wiki/Lifestyle_(sociology)"
"UC3IZKseVpdzPSBaWxBxundA","HYBE LABELS","Welcome to the official YouTube channel of HYBE, the content hub for BIGHIT MUSIC, BELIFT LAB, SOURCE MUSIC, PLEDIS Entertainment, KOZ ENTERTAINMENT and more.","KR",NA,"","","UU3IZKseVpdzPSBaWxBxundA",15296111569,52700000,544,"/m/04rlf /m/02jjt /m/028sqc /m/064t9","https://en.wikipedia.org/wiki/Music https://en.wikipedia.org/wiki/Entertainment https://en.wikipedia.org/wiki/Music_of_Asia https://en.wikipedia.org/wiki/Pop_music"
"UCEdvpU2pFRCVqU6yIPyTpMQ","Marshmello","Marshmello's Official YouTube Channel","US",NA,"","","UUEdvpU2pFRCVqU6yIPyTpMQ",11347465977,52100000,462,"/m/02lkt /m/04rlf /m/064t9 /m/0glt670","https://en.wikipedia.org/wiki/Electronic_music https://en.wikipedia.org/wiki/Music https://en.wikipedia.org/wiki/Pop_music https://en.wikipedia.org/wiki/Hip_hop_music"
"UCyoXW-Dse7fURq30EWl_CUA","Goldmines Telefilms","Welcome to Goldmines Telefilms. One of the Finest Destination for Entertainment Content on Youtube. Now Watch Premiere of New South Hindi Dubbed Movies on Every Saturday & Also Enjoy Full Length Blockbuster Hindi Movies, Songs, Comedy Scenes and Much More. 

Subscribe NOW!","IN",NA,"","","UUyoXW-Dse7fURq30EWl_CUA",11612989233,51500000,1521,"/m/02jjt /m/02vxn","https://en.wikipedia.org/wiki/Entertainment https://en.wikipedia.org/wiki/Film"
"UC3gNmTGu-TTbFPpfSs5kNkg","Movieclips","The Fandango MOVIECLIPS channel is the largest collection of licensed movie clips on the web. We are HUGE movie fans. We love films so much, that our genome team has gone through hundreds of movies to pick out the best moments, scenes, and famous lines from all of your favorite films. Whether it's an action, comedy, drama, western, horror film, or any other genre, Fandango MOVIECLIPS has the unforgettable moments that stay with you long after you leave the theater.

We value the diverse opinions of our audience, so you may find points of view that you don’t agree with. And that’s cool. However, please keep the conversation respectful and constructive. We will delete comments and ban users who post offensive, hateful, or disparaging material.","US",NA,"","","UU3gNmTGu-TTbFPpfSs5kNkg",50060063909,51200000,36990,"/m/02vxn /m/02jjt","https://en.wikipedia.org/wiki/Film https://en.wikipedia.org/wiki/Entertainment"
"UC6-F5tO8uklgE9Zy8IvbdFw","Sony SAB","This is the official SONY SAB television channel page. 
With the purpose of 'unlocking happiness in every heart' and a core brand proposition of 'Khushiyon Wali Feeling, Sony SAB strongly believes in spreading hope and happiness. 

Watch SONY SAB serials /SONY SAB shows, the best in Hindi comedy, drama, romance, silent comedy, supernatural, science fiction, and stand-up comedy on our channel.

Famous old SONY SAB shows like Badi Door Se Aye Hain, Comedy Club, Baalveer, FIR which is currently off-air are available too!

SONY SAB is a part of the network of Television channels owned by Sony Pictures Networks and was launched in 1999.
","IN",NA,"","FL6-F5tO8uklgE9Zy8IvbdFw","UU6-F5tO8uklgE9Zy8IvbdFw",50075197374,4.8e+07,33985,"/m/02jjt /m/0f2f9 /m/02vxn","https://en.wikipedia.org/wiki/Entertainment https://en.wikipedia.org/wiki/Television_program https://en.wikipedia.org/wiki/Film"
"UC0076UMUgEng8HORUw_MYHA","Ariana Grande - Topic","Music has always been Ariana Grande's first love. 
In fact, long before millions of fans fell in love with the singer and actress as Cat Valentine on the hit Nickelodeon show Victorious, she began professionally pursuing her musical career at only eight-years-old. Overcome with inspiration, she embraced her passion wholeheartedly and followed this dream.

After performing with symphonies around her native Florida, Ariana made her national television debut, giving a powerful rendition of ""The Star-Spangled Banner"" at the first-ever broadcast of the national anthem for the Florida Panthers. In 2008, she appeared in the acclaimed musical 13 on Broadway shortly before joining the cast of Victorious.

However, her breakout single for Republic Records, ""The Way"" featuring Mac Miller, is the best way to get to know Ariana. Over shimmering piano and a slick beat, her voice echoes soulfully before she carries an inescapable and impressive hook as Mac Miller drops a sly verse. It's an undeniable and unforgettable anthem, and you'll love the way it makes you feel.

Still, it's simply a prelude to her forthcoming full-length 2013 debut. Across the record, she embraces influences as diverse as Mariah Carey and Imogen Heap, while cultivating her own style in the process.
She's no stranger to standing out though. She went from playing a central character on Victorious, named ""Favorite TV Show"" at the 2012 Kid's Choice Awards, to garnering her very own spinoff, Sam & Cat. In addition, she voices ""Princess Diaspro"" on the Nickelodeon animated series Winx Club and voiced the title character of the 2013 animated film, Snowflake.

Along the way, she built a staggering social media presence, making her one of the ""Most Asked Actors"" on the internet. The Huffington Post listed her as the ""Third Most Influential Actress Online"" above Miley Cyrus and Jennifer Aniston, while Billboard even dubbed her ""Most Influential Person to Watch Online"". To date, she has amassed over 5 million Twitter followers, 3 million Facebook likes, 3 million Instagram followers, and 150 million YouTube/VEVO views.
Ariana never forgets where she came from either and continues to give back. She co-founded the youth singing group Kids Who Care in South Florida, which raised over $500,000 for charities in 2007 alone. She also traveled to Gugulethu, South Africa to teach music and dance to children as part of Broadway in South Africa.
Ultimately, the new album will welcome everyone into Ariana's world, and It's a wonderful place.",NA,NA,"","","UU0076UMUgEng8HORUw_MYHA",1132972551,403000,901,"/m/064t9 /m/04rlf","https://en.wikipedia.org/wiki/Pop_music https://en.wikipedia.org/wiki/Music"
"UC0C-w0YjGpqDXGB8IHb662A","Ed Sheeran","The official YouTube channel for Ed Sheeran.

Ed Sheeran may be the quintessential pop star of the 2010s: an internationally acclaimed, multi-award winning singer/songwriter who seems to acknowledge no boundaries between styles or eras with elements of folk, hip-hop, pop, dance, soul, and rock woven throughout his music. 

 His incredible catalogue includes the studio albums ‘+’ (plus), ‘x’ (multiply) and ‘÷’ (divide) which spawned hit singles such as ‘The A team’ , ’Lego House’, ‘Sing;, ‘Thinking Out Loud’, ‘Photograph’, ‘Shape Of You’, ‘Castle on The Hill’ and ‘Perfect’. 
 
In 2019, Ed Sheeran released the genre-spanning ‘No.6 Collaborations Project’ which featured a wide-range of artists including ‘Justin Bieber’, ‘Camilla’ Cabello’, ‘Travis Scott’, ‘Eminem’, ‘Cardi B, ‘Paulo Londra’, ‘Bruno Mars’ and ‘Stormzy’ amongst many others, producing hits such as ‘I Don’t Care’, ‘Beautiful People’, ‘South of The Border’ and ‘Take Me Back To London’.
",NA,NA,"","","UU0C-w0YjGpqDXGB8IHb662A",23097630825,47200000,164,"/m/04rlf /m/0gywn /m/064t9 /m/0glt670","https://en.wikipedia.org/wiki/Music https://en.wikipedia.org/wiki/Soul_music https://en.wikipedia.org/wiki/Pop_music https://en.wikipedia.org/wiki/Hip_hop_music"
"UC20vb-R_px4CguHzzBPhoyQ","EminemVEVO","Eminem on Vevo - Official Music Videos, Live Performances, Interviews and more...",NA,"en","","FL20vb-R_px4CguHzzBPhoyQ","UU20vb-R_px4CguHzzBPhoyQ",16288942314,25300000,86,"/m/06by7 /m/0glt670 /m/04rlf","https://en.wikipedia.org/wiki/Rock_music https://en.wikipedia.org/wiki/Hip_hop_music https://en.wikipedia.org/wiki/Music"
"UCBnZ16ahKA2DZ_T5W0FPUXg","ChuChu TV Nursery Rhymes & Kids Songs","ChuChu TV is designed to engage children through upbeat nursery rhymes and educational songs with colorful animations. Baby Taku, ChuChu & Friends will sing and dance to popular nursery rhymes and teach colors, shapes, numbers, and all things preschool. Our videos teach moral values to the little ones, which we feel are essential for the next generation champions. We hope these videos will bring your family as much joy as we had in creating them. 

ChuChu TV is available in many languages on YouTube like Spanish, Portuguese, French, Hindi, Tamil, Bangla, and Telugu

ChuChu TV is also available on platforms like Netflix, Amazon Prime Video, Roku, Kiddoodle, and ChuChu TV Apps.

Download ChuChuTV Pro App to watch ChuChu TV videos AD-FREE. Available in the App Store and Play Store

App Store Link - http://chuchu.me/ChuChuTViOS
Play Store Link - http://chuchu.me/ChuChuTVAndroid

Listen to ChuChu TV Songs on Spotify - http://chuchu.me/spotify

Enjoy & Have Fun with your little ones!","IN",NA,"","","UUBnZ16ahKA2DZ_T5W0FPUXg",30316478206,46800000,404,"/m/02vxn /m/02jjt /m/04rlf","https://en.wikipedia.org/wiki/Film https://en.wikipedia.org/wiki/Entertainment https://en.wikipedia.org/wiki/Music"
"UCt4t-jeY85JegMlZ-E5UWtA","Aaj Tak","Watch Aaj Tak Live TV and stay tuned for all the breaking news in Hindi !
Aaj Tak is India's leading Hindi News Channel. Aaj Tak News channel covers latest news in Politics, Entertainment, Bollywood, business and sports.

<U+0906><U+091C> <U+0924><U+0915> <U+092D><U+093E><U+0930><U+0924> <U+0915><U+093E> <U+0938><U+0930><U+094D><U+0935><U+0936><U+094D><U+0930><U+0947><U+0937><U+094D><U+0920> <U+0939><U+093F><U+0902><U+0926><U+0940> <U+0928><U+094D><U+200D><U+092F><U+0942><U+091C> <U+091A><U+0948><U+0928><U+0932> <U+0939><U+0948> <U+0964>
<U+0906><U+091C> <U+0924><U+0915> <U+0928><U+094D><U+200D><U+092F><U+0942><U+091C> <U+091A><U+0948><U+0928><U+0932> <U+0930><U+093E><U+091C><U+0928><U+0940><U+0924><U+093F>, <U+092E><U+0928><U+094B><U+0930><U+0902><U+091C><U+0928>, <U+092C><U+0949><U+0932><U+0940><U+0935><U+0941><U+0921>, <U+0935><U+094D><U+092F><U+093E><U+092A><U+093E><U+0930> <U+0914><U+0930> <U+0916><U+0947><U+0932> <U+092E><U+0947><U+0902> <U+0928><U+0935><U+0940><U+0928><U+0924><U+092E> <U+0938><U+092E><U+093E><U+091A><U+093E><U+0930><U+094B><U+0902> <U+0915><U+094B> <U+0936><U+093E><U+092E><U+093F><U+0932> <U+0915><U+0930><U+0924><U+093E> <U+0939><U+0948><U+0964>
<U+0906><U+091C><U+0924><U+0915> <U+0928><U+094D><U+200D><U+092F><U+0942><U+091C> <U+091A><U+0948><U+0928><U+0932> <U+0915><U+0940> <U+0932><U+093E><U+0907><U+0935> <U+0916><U+092C><U+0930><U+0947><U+0902> <U+090F><U+0935><U+0902> <U+092C><U+094D><U+0930><U+0947><U+0915><U+093F><U+0902><U+0917> <U+0928><U+094D><U+092F><U+0942><U+091C> <U+0915><U+0947> <U+0932><U+093F><U+090F> <U+092C><U+0928><U+0947> <U+0930><U+0939><U+0947><U+0902> <U+0964>

Website: https://www.aajtak.in/","IN",NA,"","","UUt4t-jeY85JegMlZ-E5UWtA",14651940584,4.5e+07,127872,"/m/05qt0 /m/098wr","https://en.wikipedia.org/wiki/Politics https://en.wikipedia.org/wiki/Society"
"UCYiGq8XF7YQD00x7wAd62Zg","JuegaGerman","Lento pero seguro. ","CL",NA,"","","UUYiGq8XF7YQD00x7wAd62Zg",12440167075,43400000,1807,"/m/025zzc /m/0403l3g /m/02ntfj /m/02jjt /m/0bzvm2","https://en.wikipedia.org/wiki/Action_game https://en.wikipedia.org/wiki/Role-playing_video_game https://en.wikipedia.org/wiki/Action-adventure_game https://en.wikipedia.org/wiki/Entertainment https://en.wikipedia.org/wiki/Video_game_culture"
"UC56gTxNs4f9xZ7Pa2i5xNzg","Sony Music India","Sony Music India SME- Home To The Hits. Subscribe to our channel to listen to chart-busters in the making, see premieres of blockbuster videos and get your daily dose of some great music right here.","IN",NA,"","FL56gTxNs4f9xZ7Pa2i5xNzg","UU56gTxNs4f9xZ7Pa2i5xNzg",18559860393,43100000,2800,"/m/04rlf /m/028sqc","https://en.wikipedia.org/wiki/Music https://en.wikipedia.org/wiki/Music_of_Asia"
"UCZJ7m7EnCNodqnu5SAtg8eQ","HolaSoyGerman.","Los Hombres De Verdad Usan Pantuflas De Perrito","CL",NA,"","","UUZJ7m7EnCNodqnu5SAtg8eQ",4496956493,42400000,136,"/m/02jjt /m/02vxn","https://en.wikipedia.org/wiki/Entertainment https://en.wikipedia.org/wiki/Film"
"UC3KQ5GWANYF8lChqjZpXsQw","whinderssonnunes","Lampião do Youtube
Publicidade / Shows / Eventos: kaka@nonstopproducoes.com.br",NA,NA,"","","UU3KQ5GWANYF8lChqjZpXsQw",3763784523,42100000,389,"/m/019_rr /m/02vxn /m/02jjt","https://en.wikipedia.org/wiki/Lifestyle_(sociology) https://en.wikipedia.org/wiki/Film https://en.wikipedia.org/wiki/Entertainment"
"UCV306eHqgo0LvBf3Mh36AHg","Felipe Neto","Canal do Felipe Neto.","BR",NA,"","FLV306eHqgo0LvBf3Mh36AHg","UUV306eHqgo0LvBf3Mh36AHg",12424472629,41600000,2448,"/m/02ntfj /m/0bzvm2 /m/0b1vjn /m/02jjt","https://en.wikipedia.org/wiki/Action-adventure_game https://en.wikipedia.org/wiki/Video_game_culture https://en.wikipedia.org/wiki/Casual_game https://en.wikipedia.org/wiki/Entertainment"
"UC4NALVCmcmL5ntpV0thoH6w","LooLoo Kids - Nursery Rhymes and Children's Songs","At LooLooKIDS we believe that kids need to laugh, learn and play, and that kid songs can be both entertaining and educational if they are made with dedication, love and skill.

The best English learning lessons for kids are now the Musical Adventures of Johnny & Friends. They sing, dance and learn while having a lot of fun. Children are learning to count, to recognize colors, to spell the Alphabet. Rhyming is the new flavour of learning!

Our FHD 3D animated videos are perfectly adapted for their development, and kids enjoy learning new things while watching the videos and our carefully selected playlists. Enjoy the best quality edutainment for babies, toddlers and kids, and don’t forget to subscribe!

Every week we’re releasing stunning new animations and very fun children songs! Singles & compilation, for happier children and parents!

LooLoo Kids is a registered trademark of MORA TV. 
For licensing & distribution, visit and contact us at https://loolookids.com/
","US",NA,"","","UU4NALVCmcmL5ntpV0thoH6w",21541576003,41400000,493,"/m/04rlf","https://en.wikipedia.org/wiki/Music"
"UCK1i2UviaXLUNrZlAFpw_jA","El Reino Infantil","El Reino Infantil es la comunidad digital para niños en español N°1 del mundo. Nuestras historias y canciones fomentan las habilidades clave para la vida, incluyendo la comunicación, la cooperación y la creatividad.

Dentro de El Reino Infantil encontrarás series divertidísimas para disfrutar en familia como La Granja de Zenón, Canciones del Zoo, Bichikids, Plim Plim, Paco el Marinero, Rondas, La Familia Blu, Michi-guau ¡Y muchas más!

Sigue todas las novedades de El Reino Infantil en nuestras comunidades:

<U+25BA> Facebook: https://www.facebook.com/ElReinoInfantil/
<U+25BA> Instagram: https://www.instagram.com/reino_infantil/
<U+25BA> Spotify: https://spoti.fi/2Hmm0B9
<U+25BA> Sitio Web: https://www.elreinoinfantil.com/",NA,NA,"","","UUK1i2UviaXLUNrZlAFpw_jA",39254984752,41300000,981,"/m/04rlf","https://en.wikipedia.org/wiki/Music"
NA,NA,NA,NA,NA,NA,NA,NA,NA,NA,NA,NA,NA
NA,NA,NA,NA,NA,NA,NA,NA,NA,NA,NA,NA,NA
NA,NA,NA,NA,NA,NA,NA,NA,NA,NA,NA,NA,NA
NA,NA,NA,NA,NA,NA,NA,NA,NA,NA,NA,NA,NA
NA,NA,NA,NA,NA,NA,NA,NA,NA,NA,NA,NA,NA
NA,NA,NA,NA,NA,NA,NA,NA,NA,NA,NA,NA,NA
NA,NA,NA,NA,NA,NA,NA,NA,NA,NA,NA,NA,NA
NA,NA,NA,NA,NA,NA,NA,NA,NA,NA,NA,NA,NA
NA,NA,NA,NA,NA,NA,NA,NA,NA,NA,NA,NA,NA
NA,NA,NA,NA,NA,NA,NA,NA,NA,NA,NA,NA,NA
NA,NA,NA,NA,NA,NA,NA,NA,NA,NA,NA,NA,NA
NA,NA,NA,NA,NA,NA,NA,NA,NA,NA,NA,NA,NA
NA,NA,NA,NA,NA,NA,NA,NA,NA,NA,NA,NA,NA
NA,NA,NA,NA,NA,NA,NA,NA,NA,NA,NA,NA,NA
NA,NA,NA,NA,NA,NA,NA,NA,NA,NA,NA,NA,NA
NA,NA,NA,NA,NA,NA,NA,NA,NA,NA,NA,NA,NA
NA,NA,NA,NA,NA,NA,NA,NA,NA,NA,NA,NA,NA
NA,NA,NA,NA,NA,NA,NA,NA,NA,NA,NA,NA,NA
NA,NA,NA,NA,NA,NA,NA,NA,NA,NA,NA,NA,NA
NA,NA,NA,NA,NA,NA,NA,NA,NA,NA,NA,NA,NA
NA,NA,NA,NA,NA,NA,NA,NA,NA,NA,NA,NA,NA
NA,NA,NA,NA,NA,NA,NA,NA,NA,NA,NA,NA,NA
NA,NA,NA,NA,NA,NA,NA,NA,NA,NA,NA,NA,NA
NA,NA,NA,NA,NA,NA,NA,NA,NA,NA,NA,NA,NA
NA,NA,NA,NA,NA,NA,NA,NA,NA,NA,NA,NA,NA
NA,NA,NA,NA,NA,NA,NA,NA,NA,NA,NA,NA,NA
NA,NA,NA,NA,NA,NA,NA,NA,NA,NA,NA,NA,NA
NA,NA,NA,NA,NA,NA,NA,NA,NA,NA,NA,NA,NA
NA,NA,NA,NA,NA,NA,NA,NA,NA,NA,NA,NA,NA
NA,NA,NA,NA,NA,NA,NA,NA,NA,NA,NA,NA,NA
NA,NA,NA,NA,NA,NA,NA,NA,NA,NA,NA,NA,NA
